{"stats":{"minecraft:broken":{"minecraft:leather_leggings":1,"minecraft:stone_pickaxe":4,"apocalypsenow:green_bikers_helmet":1,"minecraft:wooden_sword":1,"minecraft:stone_axe":2,"apocalypsenow:construction_chestplate":1,"minecraft:stone_sword":5,"minecraft:leather_chestplate":1,"minecraft:iron_pickaxe":3,"apocalypsenow:u_sarmy_helmet":1},"minecraft:dropped":{"farmersdelight:hamburger":5,"contenttweaker:rubber":1,"minecraft:glass_bottle":6,"biomesoplenty:fir_sapling":3,"minecraft:music_disc_13":1,"minecraft:cobblestone_stairs":2,"minecraft:dirt":8,"farmersdelight:cod_slice":9,"minecraft:bone_meal":13,"apocalypsenow:glassbottle":1,"minecraft:bone":2,"apocalypsenow:scissorst":1,"apocalypsenow:small_can":3,"patchouli:guide_book":1,"apocalypsenow:fire_figther_leggings":3,"minecraft:quartz_block":1,"create:depot":1,"securitycraft:camera_monitor":1,"immersiveengineering:seed":15,"minecraft:iron_ingot":33,"minecraft:bread":19,"minecraft:wheat_seeds":38,"embellishcraft:spruce_wooden_crate":1,"minecraft:cobblestone":9,"minecraft:granite":3,"embellishcraft:oak_wooden_crate":2,"minecraft:coal":9,"minecraft:stick":6,"tac:m4":1,"minecraft:torch":2,"chalk:light_gray_chalk":1,"minecraft:iron_door":4,"minecraft:string":2,"minecraft:paper":4,"create:raw_zinc":5,"embellishcraft:smooth_slate":2,"create:stressometer":1,"apocalypsenow:police_chestplate":1,"biomesoplenty:fir_planks":71,"pipez:energy_pipe":6,"car:canister":1,"minecraft:wooden_shovel":1,"minecraft:carved_pumpkin":1,"apocalypsenow:balaclava_helmet":1,"firstaid:plaster":6},"minecraft:crafted":{"minecraft:chest":1,"minecraft:wooden_shovel":1,"sophisticatedbackpacks:backpack":1,"biomesoplenty:fir_planks":4,"minecraft:iron_chestplate":1,"minecraft:iron_ingot":100,"minecraft:gold_ingot":8,"tac:workbench":1,"create:iron_sheet":10,"minecraft:leather":18,"createaddition:iron_wire":9,"minecraft:air":1234,"apocalypsenow:cooked_human_flesh":6},"minecraft:killed_by":{"undead_revamp2:the_moonflower":1,"minecraft:zombie":6,"zombie_extreme:crawler":2,"zombiemobs:zombie_wolf":1,"minecraft:husk":2,"minecraft:player":7,"zombie_extreme:infected_police":1,"zombiemobs:zombie_chicken":1},"minecraft:picked_up":{"minecraft:stone_slab":1,"minecraft:potion":1,"minecraft:amethyst_block":18,"minecraft:string":175,"minecraft:raw_copper":37,"minecraft:soul_soil":1,"minecraft:smooth_stone_slab":5,"pipez:energy_pipe":12,"create:andesite_bars":1,"apocalypsenow:balaclava_helmet":2,"minecraft:smooth_stone":1,"minecraft:cobbled_deepslate":58,"biomesoplenty:fir_planks":24,"minecraft:smooth_quartz":27,"minecraft:calcite":25,"minecraft:wooden_shovel":1,"minecraft:stick":38,"embellishcraft:smooth_slate":2,"embellishcraft:smooth_marble":1,"tac:m4":1,"minecraft:polished_deepslate_stairs":2,"minecraft:torch":14,"minecraft:porkchop":7,"securitycraft:camera_monitor":1,"minecraft:diorite":110,"apocalypsenow:fire_figther_leggings":4,"minecraft:quartz_block":2,"embellishcraft:spruce_plain_door":1,"quark:clear_shard":3,"minecraft:rotten_flesh":125,"createaddition:barbed_wire":3,"pfm:oak_brown_simple_bed":1,"minecraft:iron_block":14,"minecraft:carved_pumpkin":1,"minecraft:cyan_terracotta":19,"minecraft:iron_bars":4,"minecraft:snowball":1,"apocalypsenow:money_block":7,"minecraft:cobblestone":876,"biomesoplenty:lavender":7,"tac:round45":13,"minecraft:iron_door":10,"minecraft:water_bucket":2,"minecraft:andesite":14,"biomesoplenty:fir_log":191,"biomesoplenty:fir_sapling":24,"create:raw_zinc":8,"minecraft:tuff":4,"minecraft:flint":4,"contenttweaker:rubber":2,"apocalypsenow:construction_chestplate":1,"minecraft:dirt":55,"another_furniture:black_stool":1,"minecraft:bone":102,"minecraft:gray_terracotta":2,"apocalypsenow:human_flesh":13,"minecraft:wheat_seeds":44,"minecraft:raw_gold":24,"tac:9mm_round":53,"apocalypsenow:electric_baton":1,"minecraft:oak_planks":2,"firstaid:plaster":15,"minecraft:music_disc_13":1,"apocalypsenow:small_can":3,"quark:polished_deepslate_vertical_slab":3,"minecraft:diamond":7,"minecraft:granite":8,"minecraft:bone_meal":13,"minecraft:bread":19,"minecraft:oak_sapling":12,"minecraft:light_gray_carpet":1,"create:stressometer":1,"immersiveengineering:metal_ladder_none":2,"rocks:cobblestone_splitter":4,"minecraft:crafting_table":1,"minecraft:ladder":5,"minecraft:leather_leggings":1,"minecraft:gold_block":4,"biomesoplenty:jacaranda_sapling":1,"apocalypsenow:u_sarmy_helmet":1,"minecraft:flint_and_steel":1,"embellishcraft:oak_wooden_crate":2,"minecraft:quartz_slab":3,"apocalypsenow:mace":1,"minecraft:light_gray_wool":74,"minecraft:quartz_stairs":3,"apocalypsenow:construction_barricade":16,"minecraft:raw_iron":148,"refinedstorage:16k_storage_part":1,"chalk:light_gray_chalk":1,"quark:black_framed_glass":2,"immersiveengineering:concrete":2,"minecraft:carrot":1,"minecraft:redstone":12,"minecraft:dark_oak_planks":4,"biomesoplenty:jacaranda_log":6,"minecraft:hay_block":23,"create:depot":1,"firstaid:bandage":1,"minecraft:mutton":3,"minecraft:white_wool":12,"minecraft:leather":1,"apocalypsenow:green_bikers_helmet":1,"embellishcraft:polished_marble":2,"minecraft:oak_log":77,"embellishcraft:gneiss_large_bricks_wall":1,"apocalypsenow:cooked_human_flesh":1,"another_furniture:dark_oak_shelf":1,"embellishcraft:spruce_wooden_crate":2,"tac:nato_556_bullet":17,"minecraft:iron_ingot":34,"minecraft:glass_bottle":1,"quark:light_gray_shard":7,"minecraft:smooth_basalt":11,"minecraft:dark_oak_slab":2,"contenttweaker:resistant_fabric":2,"quark:dark_oak_hedge":1,"minecraft:gravel":27,"minecraft:amethyst_shard":40,"immersiveengineering:seed":23,"minecraft:stone_axe":1,"apocalypsenow:bear_trap":2,"quark:oak_hedge":2,"minecraft:gray_wool":1,"quark:gray_shard":3,"minecraft:coal":56},"minecraft:mined":{"minecraft:dark_oak_planks":4,"minecraft:large_amethyst_bud":4,"create:deepslate_zinc_ore":2,"embellishcraft:sturdy_steel_door":1,"minecraft:oak_sapling":2,"minecraft:cobblestone_stairs":2,"minecraft:jungle_leaves":1,"embellishcraft:spruce_wooden_crate":5,"minecraft:brewing_stand":1,"minecraft:carved_pumpkin":1,"minecraft:granite":10,"minecraft:budding_amethyst":2,"minecraft:grass_block":14,"pfm:oak_brown_simple_bed":2,"another_furniture:dark_oak_shelf":1,"minecraft:oxeye_daisy":1,"minecraft:spawner":28,"embellishcraft:smooth_basalt":6,"minecraft:smooth_stone":4,"minecraft:iron_ore":19,"minecraft:cobbled_deepslate":5,"minecraft:fire":30,"biomesoplenty:lavender":3,"immersiveengineering:deepslate_ore_nickel":1,"minecraft:iron_bars":2,"apocalypsenow:construction_barricade":19,"minecraft:iron_block":14,"create:dark_oak_window_pane":7,"create:andesite_bars":1,"minecraft:deepslate_redstone_ore":3,"minecraft:gray_terracotta":2,"minecraft:quartz_block":2,"minecraft:cyan_terracotta":22,"minecraft:polished_deepslate_stairs":2,"embellishcraft:smooth_slate":2,"minecraft:amethyst_cluster":9,"apocalypsenow:money_block":7,"minecraft:torch":6,"minecraft:calcite":26,"embellishcraft:polished_marble":2,"minecraft:glass":1,"minecraft:cobblestone":82,"minecraft:oak_planks":1,"createaddition:barbed_wire":1,"minecraft:iron_door":8,"minecraft:wall_torch":4,"minecraft:amethyst_block":21,"minecraft:dark_oak_slab":4,"minecraft:light_gray_stained_glass":4,"minecraft:light_gray_wool":75,"biomesoplenty:fir_log":5,"minecraft:smooth_stone_slab":6,"minecraft:grass":28,"minecraft:oak_log":1,"create:framed_glass_trapdoor":1,"create:stressometer":1,"minecraft:smooth_quartz":32,"minecraft:dirt":51,"biomesoplenty:fir_sapling":2,"minecraft:smooth_basalt":11,"simplylight:illuminant_block":1,"minecraft:oak_leaves":9,"minecraft:deepslate":52,"create:spruce_window_pane":4,"create:zinc_ore":2,"quark:smooth_quartz_vertical_slab":5,"apocalypsenow:beartrapactivated":1,"minecraft:tuff":23,"minecraft:quartz_stairs":3,"minecraft:deepslate_diamond_ore":6,"minecraft:gray_stained_glass_pane":4,"quark:polished_deepslate_vertical_slab":3,"create:depot":1,"minecraft:soul_campfire":1,"quark:black_framed_glass":2,"minecraft:moss_block":1,"rocks:rock":1,"minecraft:hay_block":11,"minecraft:black_stained_glass_pane":1,"minecraft:redstone_ore":1,"create:framed_glass_pane":1,"minecraft:andesite":16,"minecraft:gold_block":8,"minecraft:deepslate_iron_ore":125,"rocks:gravel_rock":1,"biomesoplenty:barley":41,"minecraft:stone":770,"minecraft:white_wool":9,"create:dark_oak_window":2,"minecraft:crafting_table":2,"biomesoplenty:fir_planks":31,"minecraft:gray_stained_glass":1,"minecraft:campfire":1,"another_furniture:black_stool":1,"minecraft:stone_slab":1,"minecraft:copper_ore":11,"minecraft:deepslate_gold_ore":18,"minecraft:diorite":77,"embellishcraft:oak_wooden_crate":2,"embellishcraft:smooth_marble":1,"minecraft:coal_ore":53,"quark:oak_hedge":2,"create:mechanical_crafter":1,"minecraft:gravel":37,"minecraft:cobweb":19,"immersiveengineering:metal_ladder_none":4,"minecraft:gold_ore":3,"minecraft:fern":4},"minecraft:killed":{"zombiemobs:zombie_chicken":1,"undead_revamp2:thesmoker":6,"minecraft:pig":2,"minecraft:sheep":3,"minecraft:zombie":124,"zombie_extreme:infected_police":2,"alexsmobs:fly":1,"zombie_extreme:demolisher":1,"zombie_extreme:runner":4,"zombiemobs:zombie_cow":1,"zombie_extreme:crawler":1,"minecraft:husk":42,"undead_revamp2:the_moonflower":10},"minecraft:used":{"minecraft:chest":5,"minecraft:shield":21,"minecraft:iron_sword":26,"securitycraft:security_camera":1,"apocalypsenow:coffee":1,"securitycraft:camera_monitor":1,"minecraft:cyan_terracotta":17,"ag_day_counter:calendar":1,"minecraft:furnace":3,"apocalypsenow:cooked_human_flesh":7,"minecraft:diorite":12,"apocalypsenow:electric_baton":231,"minecraft:stone_pickaxe":556,"minecraft:oak_planks":213,"minecraft:wooden_pickaxe":14,"biomesoplenty:fir_planks":608,"minecraft:white_wool":2,"minecraft:shears":70,"minecraft:bread":1,"minecraft:gravel":5,"minecraft:wooden_sword":59,"minecraft:smooth_stone_slab":2,"apocalypsenow:mace":11,"minecraft:bone_meal":29,"pfm:oak_brown_simple_bed":1,"minecraft:stone_sword":872,"minecraft:wooden_shovel":47,"minecraft:torch":34,"minecraft:dirt":27,"apocalypsenow:orange_juice":1,"minecraft:granite":5,"minecraft:iron_axe":107,"minecraft:smooth_quartz":20,"minecraft:light_gray_wool":3,"apocalypsenow:porpsi":1,"apocalypsenow:night_stick":25,"minecraft:cobbled_deepslate":5,"tac:workbench":1,"minecraft:water_bucket":11,"apocalypsenow:vodka":2,"minecraft:cobblestone_stairs":6,"minecraft:crafting_table":12,"minecraft:gray_terracotta":2,"minecraft:diamond_pickaxe":48,"minecraft:iron_pickaxe":1034,"minecraft:stone_axe":56,"minecraft:cobblestone":894,"minecraft:potion":19,"minecraft:bucket":11,"minecraft:smooth_stone":1},"minecraft:custom":{"lootr:looted_stat":59,"minecraft:interact_with_crafting_table":100,"minecraft:open_barrel":1,"minecraft:leave_game":9,"minecraft:time_since_death":90568,"minecraft:sprint_one_cm":299369,"minecraft:damage_blocked_by_shield":461,"minecraft:drop":80,"minecraft:talked_to_villager":1,"minecraft:play_time":364003,"minecraft:deaths":34,"minecraft:jump":4956,"minecraft:walk_on_water_one_cm":12484,"minecraft:interact_with_furnace":77,"minecraft:sleep_in_bed":2,"minecraft:damage_dealt":49467,"minecraft:player_kills":7,"minecraft:crouch_one_cm":135727,"minecraft:interact_with_smithing_table":1,"minecraft:mob_kills":211,"minecraft:damage_dealt_resisted":1113,"minecraft:climb_one_cm":28508,"minecraft:walk_one_cm":1529355,"minecraft:chair_used":1,"minecraft:damage_dealt_absorbed":130,"minecraft:sneak_time":30712,"minecraft:walk_under_water_one_cm":2089,"minecraft:interact_with_blast_furnace":3,"minecraft:drawer_searched":4,"minecraft:total_world_time":364003,"minecraft:toilet_used":1,"minecraft:time_since_rest":90592,"minecraft:damage_taken":9254,"minecraft:fly_one_cm":506784,"minecraft:freezer_opened":5,"minecraft:open_chest":165,"minecraft:fall_one_cm":94754}},"DataVersion":2975}