{"stats":{"minecraft:broken":{"minecraft:stone_pickaxe":3,"minecraft:iron_axe":1,"minecraft:iron_pickaxe":2},"minecraft:dropped":{"biomesoplenty:fir_log":5,"minecraft:bread":1,"apocalypsenow:police_boots":2,"apocalypsenow:police_helmet":1,"cgm:grenade":1,"minecraft:glass_bottle":1,"tac:round45":17,"minecraft:cobblestone":3,"minecraft:amethyst_block":2,"apocalypsenow:mace":1,"minecraft:cyan_terracotta":2,"firstaid:bandage":1,"rocks:cobblestone_splitter":1,"tac:m4":2,"minecraft:diorite":12,"minecraft:potion":2,"minecraft:amethyst_shard":2,"minecraft:string":5,"ftbquests:book":1,"minecraft:white_wool":1,"minecraft:bone":4,"minecraft:gravel":2,"minecraft:cobbled_deepslate":12,"apocalypsenow:small_can":1,"minecraft:tuff":5,"minecraft:rotten_flesh":3,"apocalypsenow:police_chestplate":1,"minecraft:flint_and_steel":1,"minecraft:leather_chestplate":1,"biomesoplenty:fir_planks":51,"minecraft:andesite":1,"cfm:oak_hedge":2,"tac:ae50":10,"apocalypsenow:balaclava_helmet":1,"apocalypsenow:cooked_human_flesh":1,"apocalypsenow:coke":2,"minecraft:wooden_pickaxe":1,"minecraft:stone_pickaxe":1,"minecraft:quartz_slab":3,"apocalypsenow:human_flesh":1},"minecraft:crafted":{"minecraft:leather":17,"sophisticatedbackpacks:backpack":1,"minecraft:air":273,"minecraft:shield":1,"apocalypsenow:cooked_human_flesh":1,"minecraft:iron_ingot":35,"minecraft:stone_sword":1,"minecraft:gold_ingot":20},"minecraft:killed_by":{"minecraft:player":4,"undead_revamp2:the_moonflower":2,"zombie_extreme:infected_police":1,"minecraft:zombie":1},"minecraft:picked_up":{"minecraft:charcoal":2,"minecraft:crafting_table":1,"minecraft:iron_trapdoor":1,"minecraft:gold_block":4,"minecraft:potion":1,"quark:gunpowder_sack":2,"minecraft:amethyst_block":4,"minecraft:string":121,"minecraft:quartz_slab":3,"create:andesite_bars":10,"minecraft:smooth_stone":1,"minecraft:cobbled_deepslate":173,"embellishcraft:smooth_basalt":2,"biomesoplenty:fir_planks":64,"apocalypsenow:construction_boots":1,"apocalypsenow:red_football_armor_chestplate":1,"minecraft:calcite":13,"cfm:stripped_spruce_chair":1,"minecraft:smooth_quartz":4,"immersivepetroleum:asphalt_slab":2,"minecraft:quartz_stairs":2,"cfm:cyan_kitchen_counter":1,"minecraft:stick":19,"minecraft:raw_iron":93,"embellishcraft:smooth_slate":2,"embellishcraft:smooth_marble":3,"tac:m4":2,"minecraft:torch":15,"minecraft:bowl":2,"minecraft:diorite":39,"minecraft:redstone":17,"refinedstorage:4k_storage_part":1,"minecraft:quartz_block":2,"quark:smooth_quartz_vertical_slab":2,"minecraft:rotten_flesh":108,"create:ochrum":3,"apocalypsenow:red_football_armor_boots":1,"minecraft:cyan_terracotta":11,"apocalypsenow:police_boots":1,"firstaid:bandage":1,"minecraft:iron_bars":1,"minecraft:cobblestone":413,"biomesoplenty:lavender":13,"apocalypsenow:u_sarmy_boots":1,"tac:round45":7,"minecraft:iron_door":1,"minecraft:andesite":12,"minecraft:potato":1,"biomesoplenty:fir_sapling":32,"biomesoplenty:fir_log":67,"minecraft:tuff":5,"create:raw_zinc":30,"embellishcraft:polished_marble":4,"minecraft:cobblestone_stairs":2,"apocalypsenow:construction_chestplate":4,"minecraft:lapis_lazuli":44,"minecraft:dirt":18,"embellishcraft:gneiss_large_bricks_wall":2,"minecraft:bone":82,"minecraft:gray_terracotta":4,"apocalypsenow:human_flesh":3,"minecraft:wheat_seeds":9,"minecraft:raw_gold":9,"ftbquests:book":1,"apocalypsenow:money":1,"minecraft:iron_ingot":1,"minecraft:stone_pickaxe":1,"refinedstorage:basic_processor":1,"minecraft:mossy_stone_bricks":1,"minecraft:glass_bottle":2,"tac:9mm_round":14,"minecraft:dark_oak_stairs":7,"minecraft:oak_planks":10,"apocalypsenow:blue_football_armor_boots":1,"firstaid:plaster":2,"apocalypsenow:u_sarmy_chestplate":1,"minecraft:smooth_basalt":17,"minecraft:dark_oak_slab":2,"minecraft:emerald_block":3,"apocalypsenow:small_can":1,"minecraft:raw_iron_block":1,"minecraft:gravel":23,"minecraft:amethyst_shard":2,"cfm:oak_hedge":4,"minecraft:pumpkin_seeds":2,"immersiveengineering:seed":3,"minecraft:diamond":15,"apocalypsenow:blue_football_armor_chestplate":2,"minecraft:granite":32,"embellishcraft:air_duct":4,"apocalypsenow:construction_helmet":1,"minecraft:coal":43,"rocks:cobblestone_splitter":1},"minecraft:mined":{"create:spruce_window_pane":2,"create:zinc_ore":12,"create:deepslate_zinc_ore":21,"minecraft:tuff":18,"embellishcraft:air_duct":3,"minecraft:quartz_stairs":2,"minecraft:deepslate_diamond_ore":15,"immersivepetroleum:asphalt_slab":2,"minecraft:gray_stained_glass_pane":1,"minecraft:granite":37,"minecraft:budding_amethyst":1,"minecraft:grass_block":4,"create:ochrum":12,"minecraft:redstone_wire":1,"rocks:rock":1,"minecraft:spawner":3,"minecraft:smooth_stone":3,"minecraft:raw_iron_block":1,"minecraft:iron_ore":21,"minecraft:cobbled_deepslate":2,"minecraft:fire":1,"biomesoplenty:lavender":4,"cfm:stripped_spruce_chair":1,"minecraft:andesite":35,"minecraft:deepslate_lapis_ore":2,"minecraft:gold_block":1,"minecraft:dark_oak_stairs":7,"minecraft:deepslate_iron_ore":78,"minecraft:quartz_slab":3,"minecraft:iron_bars":1,"biomesoplenty:barley":6,"minecraft:stone":398,"create:dark_oak_window_pane":2,"create:andesite_bars":8,"minecraft:deepslate_redstone_ore":4,"minecraft:gray_terracotta":4,"minecraft:quartz_block":6,"minecraft:cyan_terracotta":7,"cfm:oak_hedge":2,"embellishcraft:smooth_slate":2,"minecraft:torch":5,"minecraft:calcite":14,"biomesoplenty:fir_planks":11,"embellishcraft:polished_marble":11,"minecraft:campfire":1,"embellishcraft:gneiss_large_bricks_wall":2,"minecraft:cobblestone":20,"minecraft:lapis_ore":5,"minecraft:deepslate_gold_ore":8,"minecraft:oak_planks":4,"minecraft:diorite":13,"minecraft:wall_torch":5,"minecraft:amethyst_block":4,"biomesoplenty:fir_log":3,"minecraft:grass":1,"embellishcraft:smooth_marble":3,"minecraft:coal_ore":48,"minecraft:dripstone_block":24,"minecraft:gravel":17,"minecraft:dirt":11,"minecraft:smooth_quartz":2,"minecraft:cobweb":3,"minecraft:smooth_basalt":17,"minecraft:mossy_stone_bricks":1,"cfm:cyan_kitchen_counter":1,"minecraft:iron_trapdoor":1,"minecraft:gold_ore":1,"minecraft:oak_leaves":4,"minecraft:deepslate":208,"minecraft:emerald_block":3,"minecraft:dark_oak_planks":4},"minecraft:killed":{"undead_revamp2:thesmoker":13,"undead_revamp2:bomber":1,"zombie_extreme:runner":1,"zombie_extreme:crawler":1,"minecraft:husk":26,"undead_revamp2:the_moonflower":10,"minecraft:zombie":102,"zombie_extreme:infected_police":2,"alexsmobs:fly":1},"minecraft:used":{"minecraft:stone_sword":110,"minecraft:flint_and_steel":5,"minecraft:redstone":1,"minecraft:chest":2,"minecraft:shield":7,"minecraft:iron_sword":216,"cfm:stripped_spruce_chair":1,"minecraft:torch":44,"cfm:cyan_kitchen_counter":1,"apocalypsenow:grape_juice":3,"minecraft:granite":3,"embellishcraft:smooth_marble":1,"minecraft:iron_axe":127,"minecraft:furnace":2,"minecraft:cobbled_deepslate":147,"minecraft:mossy_stone_bricks":1,"minecraft:water_bucket":23,"minecraft:diorite":1,"apocalypsenow:electric_baton":205,"minecraft:cobblestone_stairs":2,"minecraft:glass_bottle":1,"minecraft:stone_pickaxe":393,"minecraft:oak_planks":1,"minecraft:wooden_pickaxe":7,"biomesoplenty:fir_planks":133,"minecraft:diamond_axe":114,"minecraft:crafting_table":4,"embellishcraft:gneiss_large_bricks_wall":2,"apocalypsenow:coke":2,"minecraft:iron_pickaxe":700,"minecraft:gravel":21,"minecraft:stone_axe":18,"minecraft:cobblestone":178,"minecraft:potion":5,"minecraft:bucket":24,"biomesoplenty:fir_log":7,"embellishcraft:polished_marble":4},"minecraft:custom":{"minecraft:interact_with_smithing_table":1,"lootr:looted_stat":38,"minecraft:mob_kills":168,"minecraft:interact_with_crafting_table":34,"minecraft:damage_dealt_resisted":203,"minecraft:leave_game":8,"minecraft:time_since_death":4505,"minecraft:climb_one_cm":18672,"minecraft:sprint_one_cm":44490,"minecraft:walk_one_cm":1364884,"minecraft:damage_blocked_by_shield":120,"minecraft:fridge_opened":4,"minecraft:drop":64,"minecraft:talked_to_villager":5,"minecraft:play_time":337275,"minecraft:deaths":13,"minecraft:sneak_time":48815,"minecraft:walk_under_water_one_cm":8705,"minecraft:jump":2256,"minecraft:drawer_searched":11,"minecraft:walk_on_water_one_cm":24878,"minecraft:total_world_time":337275,"minecraft:interact_with_furnace":69,"minecraft:toilet_used":3,"minecraft:tune_noteblock":5,"minecraft:stove_opened":1,"minecraft:interact_with_stonecutter":1,"minecraft:trashcan_opened":2,"minecraft:sleep_in_bed":2,"minecraft:time_since_rest":5290,"minecraft:damage_taken":3530,"minecraft:damage_dealt":25427,"minecraft:swim_one_cm":381,"minecraft:freezer_opened":7,"minecraft:fly_one_cm":37478,"minecraft:player_kills":8,"minecraft:open_chest":59,"minecraft:crouch_one_cm":238480,"minecraft:fall_one_cm":26487}},"DataVersion":2975}