{"stats":{"minecraft:broken":{"minecraft:iron_shovel":1,"minecraft:stone_pickaxe":5,"minecraft:wooden_sword":1,"minecraft:stone_sword":1,"minecraft:leather_chestplate":1,"minecraft:wooden_pickaxe":3,"apocalypsenow:fire_figther_helmet":1,"minecraft:iron_pickaxe":2},"minecraft:dropped":{"tac:round45":2,"firstaid:bandage":1,"ftbquests:book":2,"minecraft:white_wool":1,"minecraft:gravel":4,"apocalypsenow:small_can":2,"minecraft:oak_planks":2,"apocalypsenow:money":4,"patchouli:guide_book":1,"immersiveengineering:seed":2,"minecraft:water_bucket":1,"biomesoplenty:lavender":3,"minecraft:cobblestone":23,"minecraft:torch":1,"minecraft:wooden_axe":3,"minecraft:smooth_quartz":3,"embellishcraft:spruce_plain_door":1,"minecraft:string":8,"quark:dark_oak_hedge":1,"biomesoplenty:fir_planks":1,"minecraft:oak_sapling":9,"apocalypsenow:coke":1,"minecraft:wooden_pickaxe":2},"minecraft:crafted":{"immersiveengineering:hammer":1,"minecraft:stone":2,"immersiveengineering:ingot_lead":11,"minecraft:stone_hoe":1,"minecraft:wooden_pickaxe":1,"minecraft:chainmail_chestplate":1,"minecraft:iron_chestplate":1,"minecraft:shield":1,"minecraft:stick":16,"minecraft:leather_chestplate":1,"minecraft:iron_ingot":79,"minecraft:iron_pickaxe":2,"minecraft:stone_sword":1,"minecraft:leather_leggings":1,"minecraft:furnace":1,"create:iron_sheet":9,"minecraft:leather":32,"createaddition:iron_wire":1,"minecraft:iron_axe":1,"minecraft:stone_pickaxe":1,"minecraft:air":608,"minecraft:potion":27,"minecraft:white_wool":4,"apocalypsenow:cooked_human_flesh":1,"minecraft:white_bed":1,"minecraft:torch":12},"minecraft:killed_by":{"undead_revamp2:the_moonflower":1,"zombie_extreme:runner":1,"minecraft:zombie":10,"undead_revamp2:thesmoker":2,"minecraft:husk":1,"minecraft:player":3,"zombiemobs:zombie_sheep":1,"zombie_extreme:infected_police":5},"minecraft:picked_up":{"minecraft:wooden_axe":2,"minecraft:wheat":9,"minecraft:anvil":1,"minecraft:brown_bed":1,"minecraft:amethyst_block":2,"another_furniture:service_bell":1,"minecraft:string":117,"create:andesite_bars":24,"immersiveengineering:raw_lead":11,"minecraft:smooth_stone":3,"minecraft:cobbled_deepslate":95,"biomesoplenty:fir_planks":79,"immersiveengineering:capacitor_mv":1,"minecraft:redstone_torch":1,"minecraft:calcite":3,"minecraft:smooth_quartz":11,"minecraft:furnace":2,"minecraft:stick":22,"embellishcraft:smooth_marble":2,"minecraft:torch":41,"minecraft:diorite":187,"quark:smooth_quartz_vertical_slab":8,"minecraft:rotten_flesh":53,"createaddition:barbed_wire":12,"create:ochrum":18,"create:track":9,"minecraft:cyan_terracotta":8,"minecraft:iron_bars":12,"minecraft:cobblestone":983,"biomesoplenty:lavender":45,"tac:round45":11,"minecraft:leather_chestplate":1,"minecraft:feather":2,"minecraft:andesite":91,"biomesoplenty:fir_log":13,"minecraft:flint":13,"create:raw_zinc":9,"minecraft:tuff":7,"immersivepetroleum:asphalt":3,"minecraft:lapis_lazuli":49,"minecraft:dirt":180,"minecraft:bone":68,"minecraft:stonecutter":1,"minecraft:wheat_seeds":72,"apocalypsenow:human_flesh":16,"minecraft:raw_gold":1,"minecraft:grindstone":1,"tac:9mm_round":20,"create:polished_cut_calcite_wall":6,"minecraft:glowstone_dust":9,"minecraft:oak_planks":20,"patchouli:guide_book":2,"apocalypsenow:small_can":1,"apocalypsenow:coke":2,"minecraft:granite":32,"minecraft:bread":1,"minecraft:oak_sapling":27,"apocalypsenow:scissorst":1,"minecraft:bricks":5,"create:cut_calcite":2,"minecraft:charcoal":2,"minecraft:crafting_table":3,"minecraft:wooden_pickaxe":2,"biomesoplenty:jacaranda_sapling":2,"cold_sweat:hearth":1,"minecraft:red_bed":1,"apocalypsenow:construction_boots":2,"pfm:oak_white_simple_bed":2,"minecraft:chest":2,"apocalypsenow:construction_barricade":3,"minecraft:raw_iron":62,"quark:black_framed_glass":4,"minecraft:carrot":4,"minecraft:redstone":4,"quark:oak_leaf_carpet":2,"biomesoplenty:jacaranda_log":4,"farmersdelight:hamburger":5,"immersiveengineering:light_engineering":1,"apocalypsenow:fire_figther_chestplate":1,"minecraft:oxeye_daisy":1,"minecraft:oak_log":58,"cfm:stripped_birch_chair":1,"minecraft:gunpowder":1,"embellishcraft:gneiss_large_bricks_wall":1,"minecraft:apple":6,"alexsmobs:cockroach_wing_fragment":1,"minecraft:iron_ingot":17,"apocalypsenow:money":1,"apocalypsenow:fire_figther_helmet":1,"minecraft:glass_bottle":2,"apocalypsenow:blue_football_armor_boots":1,"minecraft:smooth_basalt":2,"minecraft:dandelion":1,"quark:dark_oak_hedge":2,"minecraft:dripstone_block":25,"minecraft:gravel":130,"another_furniture:spruce_drawer":1,"minecraft:spruce_sapling":1,"minecraft:blast_furnace":2,"immersiveengineering:seed":26,"quark:oak_hedge":5,"embellishcraft:air_duct":1,"cfm:spruce_hedge":1,"minecraft:coal":69},"minecraft:mined":{"create:deepslate_zinc_ore":1,"minecraft:oak_sapling":6,"quark:oak_leaf_carpet":1,"minecraft:granite":31,"minecraft:budding_amethyst":1,"minecraft:grass_block":118,"create:polished_cut_calcite_wall":6,"minecraft:spawner":3,"minecraft:smooth_stone":3,"minecraft:glowstone":3,"another_furniture:spruce_drawer":1,"minecraft:iron_ore":23,"minecraft:fire":41,"minecraft:cobbled_deepslate":6,"rocks:oak_stick":3,"biomesoplenty:lavender":52,"minecraft:deepslate_lapis_ore":6,"minecraft:anvil":1,"minecraft:brown_bed":1,"minecraft:iron_bars":12,"apocalypsenow:construction_barricade":3,"cfm:stripped_birch_chair":1,"immersiveengineering:ore_lead":11,"create:dark_oak_window_pane":2,"create:andesite_bars":26,"biomesoplenty:jacaranda_leaves":1,"minecraft:deepslate_redstone_ore":1,"minecraft:red_bed":1,"minecraft:cyan_terracotta":6,"minecraft:torch":23,"minecraft:blast_furnace":2,"minecraft:calcite":3,"minecraft:chest":2,"minecraft:cobblestone":71,"minecraft:bricks":5,"minecraft:grindstone":1,"minecraft:oak_planks":20,"createaddition:barbed_wire":12,"minecraft:iron_door":2,"minecraft:wall_torch":15,"minecraft:amethyst_block":2,"rocks:spruce_stick":4,"minecraft:wheat":9,"biomesoplenty:fir_log":13,"minecraft:grass":129,"minecraft:oak_log":19,"minecraft:dirt":61,"minecraft:smooth_quartz":3,"minecraft:smooth_basalt":2,"minecraft:stonecutter":1,"minecraft:oak_leaves":38,"minecraft:deepslate":86,"create:zinc_ore":8,"rocks:pinecone":1,"minecraft:tuff":7,"embellishcraft:air_duct":1,"minecraft:mossy_cobblestone":1,"farmersdelight:wild_carrots":3,"minecraft:gray_stained_glass_pane":3,"create:ochrum":18,"minecraft:spruce_leaves":3,"quark:black_framed_glass":3,"minecraft:moss_block":2,"biomesoplenty:jacaranda_sapling":1,"create:cut_calcite":2,"immersivepetroleum:asphalt":5,"minecraft:furnace":2,"cold_sweat:hearth_bottom":1,"immersiveengineering:capacitor_mv":1,"minecraft:andesite":90,"pfm:oak_white_simple_bed":2,"minecraft:deepslate_iron_ore":39,"biomesoplenty:barley":239,"immersiveengineering:light_engineering":1,"minecraft:stone":914,"create:track":9,"minecraft:crafting_table":4,"biomesoplenty:fir_planks":9,"embellishcraft:gneiss_large_bricks_wall":1,"minecraft:tall_grass":9,"minecraft:lapis_ore":1,"minecraft:diorite":178,"cfm:spruce_hedge":1,"another_furniture:service_bell":1,"embellishcraft:smooth_marble":2,"minecraft:coal_ore":60,"quark:oak_hedge":5,"minecraft:gravel":114,"minecraft:dripstone_block":25,"quark:dark_oak_hedge":2,"minecraft:cobweb":15,"minecraft:gold_ore":2},"minecraft:killed":{"zombiemobs:zombie_chicken":1,"undead_revamp2:thesmoker":5,"undead_revamp2:thepregnant":1,"minecraft:zombie_villager":1,"minecraft:zombie":24,"zombie_extreme:infected_police":3,"alexsmobs:fly":1,"undead_revamp2:bomber":1,"zombie_extreme:runner":2,"zombie_extreme:crawler":3,"minecraft:husk":12,"undead_revamp2:the_moonflower":4,"alexsmobs:cockroach":1},"minecraft:used":{"minecraft:iron_shovel":254,"minecraft:shield":13,"minecraft:chest":24,"farmersdelight:melon_juice":3,"minecraft:tuff":3,"immersivepetroleum:asphalt":1,"embellishcraft:smooth_marble":1,"minecraft:cyan_terracotta":2,"minecraft:bricks":2,"farmersdelight:melon_popsicle":1,"apocalypsenow:hookey_stick":4,"quark:black_framed_glass":4,"minecraft:furnace":3,"minecraft:oak_sapling":21,"another_furniture:service_bell":1,"create:polished_cut_calcite_wall":4,"apocalypsenow:cooked_human_flesh":1,"minecraft:diorite":8,"apocalypsenow:electric_baton":41,"minecraft:stone_pickaxe":694,"minecraft:oak_planks":149,"minecraft:leather_chestplate":1,"minecraft:wooden_pickaxe":168,"biomesoplenty:fir_planks":46,"biomesoplenty:lavender":2,"minecraft:golden_apple":1,"embellishcraft:gneiss_large_bricks_wall":1,"minecraft:blast_furnace":2,"apocalypsenow:coke":1,"biomesoplenty:jacaranda_planks":7,"minecraft:bread":14,"minecraft:string":1,"minecraft:stone_button":2,"minecraft:iron_door":4,"minecraft:gravel":2,"apocalypsenow:dagger":8,"minecraft:wooden_sword":62,"minecraft:grindstone":1,"minecraft:andesite":2,"create:andesite_bars":24,"minecraft:bone_meal":33,"minecraft:cobweb":7,"cfm:stripped_birch_chair":1,"minecraft:iron_bars":5,"minecraft:stone_sword":119,"minecraft:flint_and_steel":5,"create:cut_calcite":2,"minecraft:stone_hoe":41,"minecraft:torch":58,"create:ochrum":1,"minecraft:dirt":174,"minecraft:anvil":1,"minecraft:granite":1,"minecraft:wooden_axe":15,"cold_sweat:hearth":1,"minecraft:iron_axe":32,"minecraft:smooth_quartz":8,"minecraft:cobbled_deepslate":70,"minecraft:wheat_seeds":51,"minecraft:water_bucket":11,"minecraft:glass_bottle":28,"minecraft:stonecutter":1,"createaddition:barbed_wire":12,"minecraft:crafting_table":8,"minecraft:red_bed":1,"minecraft:white_bed":1,"apocalypsenow:construction_barricade":3,"minecraft:diamond_pickaxe":373,"quark:oak_hedge":3,"minecraft:oak_button":6,"minecraft:iron_pickaxe":503,"another_furniture:spruce_drawer":1,"minecraft:cobblestone":622,"minecraft:potion":27,"minecraft:bucket":12},"minecraft:custom":{"lootr:looted_stat":25,"minecraft:interact_with_crafting_table":61,"minecraft:leave_game":7,"minecraft:time_since_death":3405,"minecraft:sprint_one_cm":166221,"minecraft:damage_blocked_by_shield":336,"minecraft:drop":35,"minecraft:talked_to_villager":3,"minecraft:play_time":379621,"minecraft:deaths":29,"minecraft:jump":3517,"minecraft:interact_with_brewingstand":1,"minecraft:walk_on_water_one_cm":11384,"minecraft:interact_with_furnace":71,"minecraft:sleep_in_bed":1,"minecraft:damage_dealt":10987,"minecraft:player_kills":7,"minecraft:crouch_one_cm":124210,"minecraft:mob_kills":61,"minecraft:damage_dealt_resisted":95,"minecraft:climb_one_cm":14532,"minecraft:walk_one_cm":1636527,"minecraft:fridge_opened":4,"minecraft:sneak_time":33443,"minecraft:walk_under_water_one_cm":5243,"minecraft:interact_with_blast_furnace":4,"minecraft:total_world_time":379621,"minecraft:interact_with_grindstone":1,"minecraft:interact_with_stonecutter":2,"minecraft:time_since_rest":3430,"minecraft:damage_taken":8036,"minecraft:swim_one_cm":5540,"minecraft:fly_one_cm":181562,"minecraft:freezer_opened":5,"minecraft:open_chest":56,"minecraft:fall_one_cm":34609}},"DataVersion":2975}