{"stats":{"minecraft:broken":{"minecraft:stone_sword":1,"minecraft:stone_pickaxe":1,"apocalypsenow:survival_axe":1,"minecraft:stone_axe":1,"minecraft:wooden_axe":2},"minecraft:dropped":{"apocalypsenow:human_flesh":10,"minecraft:iron_sword":1,"contenttweaker:rubber":1,"minecraft:oak_log":2,"minecraft:glass_bottle":6,"minecraft:crafting_table":1,"biomesoplenty:lavender":10,"minecraft:cobblestone":1,"minecraft:amethyst_block":2,"minecraft:apple":4,"minecraft:granite":1,"quark:gray_shard":11,"apocalypsenow:combat_knife":1,"refinedstorage:16k_storage_part":1,"xpbook:xp_tome":1,"artifacts:universal_attractor":1,"refinedstorage:4k_storage_part":1,"minecraft:oxeye_daisy":1,"tac:nato_556_bullet":17,"quark:light_gray_shard":19,"biomesoplenty:goldenrod":4,"minecraft:torch":6,"minecraft:wooden_axe":2,"minecraft:iron_door":3,"apocalypsenow:construction_helmet":1,"apocalypsenow:chips":3,"minecraft:paper":4,"quark:spruce_ladder":20,"minecraft:string":35,"ftbquests:book":2,"minecraft:white_wool":2,"create:raw_zinc":14,"car:key":2,"refinedstorage:basic_processor":1,"apocalypsenow:small_can":5,"apocalypsenow:orange_juice":2,"minecraft:tuff":2,"farmersdelight:cabbage":3,"minecraft:oak_planks":8,"apocalypsenow:bear_trap":1,"quark:gunpowder_sack":2,"apocalypsenow:fire_figther_leggings":2,"pipez:energy_pipe":6,"minecraft:oak_sapling":3,"farmersdelight:minced_beef":4,"apocalypsenow:canned_melon":2,"minecraft:iron_bars":2,"firstaid:plaster":11,"quark:smooth_quartz_vertical_slab":2,"immersiveengineering:seed":5},"minecraft:crafted":{"minecraft:oak_planks":8,"firstaid:plaster":3,"minecraft:leather":4,"apocalypsenow:construction_axe":1,"minecraft:stone_axe":5,"minecraft:air":698,"minecraft:string":76,"minecraft:white_wool":6,"minecraft:stick":4,"minecraft:iron_ingot":17},"minecraft:killed_by":{"minecraft:husk":1,"minecraft:player":9,"undead_revamp2:the_moonflower":2,"zombie_extreme:infected_police":1,"minecraft:zombie":6,"zombiemobs:zombie_turtle":1,"zombiemobs:zombie_wolf":1},"minecraft:picked_up":{"minecraft:wooden_axe":1,"minecraft:crafting_table":2,"minecraft:iron_trapdoor":1,"quark:spruce_ladder":20,"createaddition:accumulator":1,"minecraft:potion":1,"quark:gunpowder_sack":2,"minecraft:amethyst_block":2,"minecraft:string":73,"minecraft:raw_copper":13,"minecraft:cobbled_deepslate":6,"minecraft:smooth_stone":18,"biomesoplenty:fir_planks":2,"minecraft:light_gray_wool":114,"minecraft:smooth_quartz":4,"farmersdelight:kelp_roll_slice":2,"minecraft:furnace":1,"minecraft:stick":11,"minecraft:raw_iron":21,"minecraft:torch":19,"minecraft:diorite":16,"quark:oak_leaf_carpet":1,"apocalypsenow:fire_figther_leggings":2,"quark:smooth_quartz_vertical_slab":2,"minecraft:rotten_flesh":71,"create:asurine":1,"apocalypsenow:police_chestplate":1,"minecraft:green_wool":6,"apocalypsenow:police_boots":1,"minecraft:iron_bars":2,"minecraft:white_wool":3,"minecraft:cobblestone":101,"minecraft:oxeye_daisy":1,"biomesoplenty:lavender":10,"tac:round45":46,"apocalypsenow:canned_melon":2,"minecraft:iron_door":3,"minecraft:andesite":20,"biomesoplenty:goldenrod":4,"minecraft:oak_log":215,"minecraft:tuff":2,"contenttweaker:rubber":1,"create:raw_zinc":14,"embellishcraft:polished_marble":21,"minecraft:gunpowder":1,"minecraft:paper":4,"minecraft:dirt":5,"apocalypsenow:cooked_human_flesh":4,"minecraft:bone":80,"minecraft:apple":8,"apocalypsenow:human_flesh":14,"minecraft:wheat_seeds":1,"minecraft:raw_gold":25,"ftbquests:book":1,"apocalypsenow:money":1,"minecraft:glass_bottle":2,"tac:9mm_round":9,"apocalypsenow:police_helmet":1,"minecraft:iron_sword":1,"minecraft:oak_planks":25,"tac:ae50":10,"quark:light_gray_shard":23,"immersiveengineering:raw_uranium":3,"apocalypsenow:small_can":2,"minecraft:mossy_cobblestone":1,"immersiveengineering:seed":6,"minecraft:diamond":2,"apocalypsenow:bear_trap":2,"embellishcraft:smooth_marble_wall":2,"minecraft:granite":11,"tac:762x39":27,"quark:gray_shard":11,"minecraft:oak_sapling":17,"apocalypsenow:construction_helmet":1,"minecraft:coal":6},"minecraft:mined":{"create:deepslate_zinc_ore":7,"apocalypsenow:beartrapactivated":1,"minecraft:tuff":1,"embellishcraft:air_duct":2,"embellishcraft:smooth_marble_wall":2,"minecraft:deepslate_diamond_ore":2,"quark:oak_leaf_carpet":1,"minecraft:gray_stained_glass_pane":3,"minecraft:ladder":3,"minecraft:granite":3,"minecraft:moss_block":3,"minecraft:spawner":24,"immersiveengineering:deepslate_ore_uranium":3,"minecraft:smooth_stone":18,"minecraft:black_stained_glass_pane":4,"quark:birch_bookshelf":2,"immersivepetroleum:asphalt":1,"create:vertical_framed_glass":1,"create:framed_glass_pane":1,"minecraft:furnace":1,"minecraft:iron_ore":10,"minecraft:fire":3,"minecraft:andesite":3,"minecraft:dark_oak_stairs":2,"create:asurine":1,"minecraft:deepslate_iron_ore":7,"minecraft:iron_bars":3,"biomesoplenty:barley":307,"minecraft:stone":94,"minecraft:green_wool":6,"create:dark_oak_window_pane":4,"quark:smooth_stone_vertical_slab":2,"minecraft:quartz_block":11,"minecraft:cyan_terracotta":2,"minecraft:torch":5,"biomesoplenty:fir_planks":1,"minecraft:gray_stained_glass":7,"embellishcraft:polished_marble":22,"minecraft:tall_grass":7,"minecraft:copper_ore":3,"minecraft:cobblestone":2,"minecraft:bricks":4,"minecraft:deepslate_gold_ore":25,"createaddition:barbed_wire":2,"minecraft:oak_planks":2,"minecraft:diorite":15,"minecraft:iron_door":3,"minecraft:wall_torch":5,"immersiveengineering:concrete":2,"biomesoplenty:goldenrod":4,"minecraft:light_gray_stained_glass":5,"quark:spruce_ladder":4,"minecraft:sweet_berry_bush":1,"minecraft:light_gray_wool":114,"biomesoplenty:fir_log":1,"embellishcraft:smooth_marble":2,"minecraft:grass":20,"apocalypsenow:beartrapneutral":1,"createaddition:accumulator":1,"minecraft:oak_log":4,"create:vertical_framed_glass_pane":7,"minecraft:coal_ore":3,"minecraft:gravel":1,"minecraft:dirt":7,"minecraft:smooth_quartz":4,"minecraft:cobweb":4,"minecraft:stone_bricks":2,"minecraft:oak_leaves":4,"minecraft:iron_trapdoor":2,"minecraft:deepslate":4,"minecraft:dark_oak_planks":1,"create:spruce_window_pane":7},"minecraft:killed":{"undead_revamp2:thesmoker":3,"undead_revamp2:bomber":1,"minecraft:chicken":1,"zombie_extreme:runner":4,"zombie_extreme:crawler":3,"minecraft:husk":17,"undead_revamp2:the_moonflower":8,"undead_revamp2:theordure":1,"minecraft:zombie":64,"zombie_extreme:infected_police":1},"minecraft:used":{"minecraft:stone_sword":4,"minecraft:flint_and_steel":5,"minecraft:chest":7,"minecraft:iron_sword":97,"apocalypsenow:survival_axe":75,"farmersdelight:melon_juice":3,"minecraft:torch":11,"minecraft:dirt":4,"minecraft:granite":10,"minecraft:wooden_axe":72,"carryon:entity_item":8,"farmersdelight:melon_popsicle":1,"minecraft:smooth_quartz":1,"apocalypsenow:porpsi":5,"minecraft:furnace":2,"minecraft:egg":7,"minecraft:cobbled_deepslate":2,"minecraft:diorite":16,"minecraft:stone_pickaxe":176,"minecraft:oak_planks":174,"createaddition:accumulator":1,"minecraft:wooden_pickaxe":12,"biomesoplenty:fir_planks":2,"farmersdelight:chicken_sandwich":1,"minecraft:crafting_table":6,"minecraft:shears":114,"apocalypsenow:coke":2,"minecraft:apple":2,"apocalypsenow:tatical_mace":120,"minecraft:diamond_pickaxe":121,"farmersdelight:apple_cider":4,"apocalypsenow:iron_baseball_bat":2,"minecraft:iron_pickaxe":47,"cgm:grenade":1,"refinedstorage:crafting_grid":1,"minecraft:stone_axe":10,"apocalypsenow:club":5,"minecraft:cobblestone":6,"minecraft:potion":2,"apocalypsenow:peach_juice":1,"minecraft:andesite":12,"minecraft:oak_boat":1,"pipez:energy_pipe":3,"embellishcraft:polished_marble":17},"minecraft:custom":{"lootr:looted_stat":51,"minecraft:mob_kills":109,"minecraft:interact_with_crafting_table":26,"minecraft:open_barrel":3,"minecraft:interact_with_campfire":4,"minecraft:damage_dealt_resisted":235,"minecraft:leave_game":10,"minecraft:time_since_death":20189,"minecraft:climb_one_cm":27947,"minecraft:sprint_one_cm":242462,"minecraft:walk_one_cm":1263219,"minecraft:fridge_opened":11,"minecraft:drop":86,"minecraft:chair_used":2,"minecraft:talked_to_villager":4,"minecraft:use_bathtub":2,"minecraft:play_time":262908,"minecraft:deaths":23,"minecraft:sneak_time":17438,"minecraft:walk_under_water_one_cm":2462,"minecraft:boat_one_cm":732,"minecraft:drawer_searched":3,"minecraft:jump":2621,"minecraft:interact_with_blast_furnace":1,"minecraft:walk_on_water_one_cm":12038,"minecraft:total_world_time":262908,"minecraft:interact_with_furnace":26,"minecraft:toilet_used":3,"minecraft:interact_with_loom":1,"minecraft:stove_opened":3,"minecraft:trashcan_opened":1,"minecraft:interact_with_grindstone":1,"minecraft:time_since_rest":20239,"minecraft:damage_taken":8002,"minecraft:damage_dealt":15956,"minecraft:swim_one_cm":5859,"minecraft:freezer_opened":11,"minecraft:fly_one_cm":241365,"minecraft:player_kills":3,"minecraft:open_chest":14,"minecraft:crouch_one_cm":59553,"minecraft:interact_with_smoker":2,"minecraft:fall_one_cm":75608}},"DataVersion":2975}