{"stats":{"minecraft:dropped":{"apocalypsenow:human_flesh":3,"minecraft:water_bucket":1,"quark:oak_hedge":1,"minecraft:bread":1,"minecraft:stone_axe":1,"alexsmobs:maggot":2,"minecraft:wheat_seeds":38,"cgm:grenade":2,"apocalypsenow:small_can":1,"minecraft:glass_bottle":1,"embellishcraft:smooth_marble":16,"embellishcraft:gneiss_large_bricks_wall":1,"biomesoplenty:lavender":40,"minecraft:book":6,"minecraft:cobblestone":1,"minecraft:rotten_flesh":20,"tac:m1911":1,"minecraft:light_gray_carpet":1,"sophisticatedbackpacks:backpack":1,"immersiveengineering:nugget_steel":1,"minecraft:pumpkin_seeds":2,"biomesoplenty:fir_sapling":1,"minecraft:leather_chestplate":1,"minecraft:dirt":1,"rocks:cobblestone_splitter":1,"biomesoplenty:fir_planks":1,"chalk:red_chalk":1,"apocalypsenow:construction_boots":1,"minecraft:andesite":2,"minecraft:potion":10,"securitycraft:camera_monitor":1,"minecraft:stone_pickaxe":1,"tac:9mm_round":1,"minecraft:dark_oak_planks":8,"immersiveengineering:seed":13,"chalk:blue_chalk":1},"minecraft:crafted":{"minecraft:furnace":1,"create:iron_sheet":5,"minecraft:stone_axe":1,"minecraft:air":28,"minecraft:leather":4,"createaddition:iron_wire":5,"minecraft:shield":1,"minecraft:iron_ingot":24,"minecraft:stone_pickaxe":1,"minecraft:stone_sword":1},"minecraft:killed_by":{"minecraft:zombie_villager":1,"minecraft:player":3,"zombie_extreme:runner":1},"minecraft:picked_up":{"biomesoplenty:lavender":48,"minecraft:crafting_table":2,"minecraft:andesite":10,"minecraft:potato":1,"biomesoplenty:fir_sapling":1,"biomesoplenty:fir_log":7,"minecraft:potion":10,"minecraft:tuff":10,"minecraft:dirt":7,"minecraft:string":43,"cgm:grenade":3,"embellishcraft:gneiss_large_bricks_wall":1,"tac:m1911":1,"minecraft:bone":32,"minecraft:wheat_seeds":38,"apocalypsenow:human_flesh":9,"minecraft:cobbled_deepslate":16,"biomesoplenty:fir_planks":16,"apocalypsenow:construction_boots":1,"minecraft:stone_pickaxe":1,"minecraft:glass_bottle":1,"tac:9mm_round":4,"minecraft:oak_planks":3,"minecraft:furnace":1,"minecraft:book":6,"minecraft:raw_iron":10,"embellishcraft:smooth_marble":21,"minecraft:torch":2,"securitycraft:camera_monitor":1,"minecraft:red_terracotta":1,"apocalypsenow:coke":1,"minecraft:dark_oak_planks":10,"minecraft:rotten_flesh":33,"immersiveengineering:seed":13,"quark:oak_hedge":2,"minecraft:bread":1,"alexsmobs:maggot":2,"minecraft:light_gray_carpet":1,"apocalypsenow:construction_helmet":1,"minecraft:iron_bars":1,"minecraft:coal":4,"rocks:cobblestone_splitter":1,"minecraft:cobblestone":25},"minecraft:mined":{"minecraft:tuff":10,"minecraft:gray_stained_glass_pane":2,"minecraft:crafting_table":2,"minecraft:torch":1,"minecraft:grass_block":3,"minecraft:gray_stained_glass":1,"biomesoplenty:fir_planks":15,"embellishcraft:gneiss_large_bricks_wall":1,"minecraft:tall_grass":2,"minecraft:cobblestone":26,"rocks:rock":1,"minecraft:oak_planks":3,"minecraft:spawner":2,"minecraft:red_terracotta":1,"create:vertical_framed_glass":4,"minecraft:furnace":1,"biomesoplenty:lavender":34,"minecraft:andesite":9,"biomesoplenty:fir_log":7,"minecraft:grass":73,"embellishcraft:smooth_marble":6,"minecraft:deepslate_iron_ore":10,"quark:oak_hedge":1,"biomesoplenty:fir_leaves":6,"minecraft:iron_bars":1,"minecraft:dirt":4,"minecraft:cobweb":2,"biomesoplenty:barley":162,"minecraft:oak_leaves":1,"create:dark_oak_window_pane":3,"minecraft:deepslate":16,"minecraft:fern":1,"minecraft:dark_oak_planks":2},"minecraft:killed":{"minecraft:husk":7,"undead_revamp2:the_moonflower":2,"undead_revamp2:thesmoker":1,"minecraft:zombie":12,"zombie_extreme:runner":1},"minecraft:used":{"minecraft:water_bucket":21,"apocalypsenow:butterfly_knife":11,"minecraft:stone_sword":28,"minecraft:flint_and_steel":5,"minecraft:glass_bottle":4,"minecraft:stone_pickaxe":89,"minecraft:oak_planks":3,"minecraft:wooden_pickaxe":4,"biomesoplenty:fir_planks":40,"minecraft:golden_apple":1,"minecraft:torch":11,"farmersdelight:melon_juice":1,"minecraft:dirt":5,"apocalypsenow:grape_juice":1,"minecraft:crafting_table":1,"apocalypsenow:coke":2,"sophisticatedbackpacks:backpack":1,"minecraft:bread":5,"cgm:grenade":1,"minecraft:stone_axe":10,"minecraft:cobblestone":40,"chalk:red_chalk":19,"minecraft:potion":10,"minecraft:furnace":1,"minecraft:andesite":72,"minecraft:bucket":21,"apocalypsenow:night_stick":64},"minecraft:custom":{"minecraft:interact_with_furnace":9,"lootr:looted_stat":15,"minecraft:mob_kills":30,"minecraft:toilet_used":1,"minecraft:interact_with_crafting_table":15,"minecraft:stove_opened":1,"minecraft:interact_with_stonecutter":1,"minecraft:leave_game":4,"minecraft:time_since_death":6986,"minecraft:sleep_in_bed":1,"minecraft:climb_one_cm":1855,"minecraft:time_since_rest":7015,"minecraft:sprint_one_cm":261970,"minecraft:damage_taken":2181,"minecraft:walk_one_cm":266469,"minecraft:drop":47,"minecraft:damage_dealt":2928,"minecraft:swim_one_cm":192,"minecraft:fly_one_cm":179136,"minecraft:open_chest":23,"minecraft:crouch_one_cm":12788,"minecraft:play_time":77386,"minecraft:sneak_time":4345,"minecraft:deaths":9,"minecraft:walk_under_water_one_cm":3875,"minecraft:jump":1083,"minecraft:walk_on_water_one_cm":5370,"minecraft:fall_one_cm":29298,"minecraft:total_world_time":77386}},"DataVersion":2975}