{"stats":{"minecraft:broken":{"minecraft:stone_sword":5,"minecraft:leather_leggings":1,"minecraft:leather_chestplate":1,"minecraft:stone_pickaxe":4,"apocalypsenow:green_bikers_helmet":1,"minecraft:wooden_sword":1,"minecraft:stone_axe":2,"minecraft:iron_pickaxe":3,"apocalypsenow:construction_chestplate":1},"minecraft:dropped":{"farmersdelight:hamburger":5,"minecraft:bread":19,"contenttweaker:rubber":1,"minecraft:glass_bottle":2,"minecraft:cobblestone":9,"minecraft:granite":3,"minecraft:coal":3,"biomesoplenty:fir_sapling":3,"minecraft:stick":6,"minecraft:music_disc_13":1,"minecraft:cobblestone_stairs":2,"minecraft:dirt":8,"farmersdelight:cod_slice":9,"chalk:light_gray_chalk":1,"minecraft:iron_door":4,"minecraft:bone_meal":13,"minecraft:string":2,"apocalypsenow:glassbottle":1,"create:raw_zinc":5,"minecraft:bone":2,"apocalypsenow:scissorst":1,"embellishcraft:smooth_slate":2,"apocalypsenow:small_can":3,"patchouli:guide_book":1,"biomesoplenty:fir_planks":71,"pipez:energy_pipe":6,"apocalypsenow:fire_figther_leggings":2,"minecraft:quartz_block":1,"minecraft:wooden_shovel":1,"immersiveengineering:seed":2},"minecraft:crafted":{"create:iron_sheet":10,"minecraft:leather":15,"createaddition:iron_wire":9,"minecraft:chest":1,"minecraft:wooden_shovel":1,"sophisticatedbackpacks:backpack":1,"minecraft:air":1204,"biomesoplenty:fir_planks":4,"minecraft:iron_chestplate":1,"apocalypsenow:cooked_human_flesh":6,"minecraft:iron_ingot":95,"minecraft:gold_ingot":8,"tac:workbench":1},"minecraft:killed_by":{"minecraft:husk":2,"minecraft:player":7,"undead_revamp2:the_moonflower":1,"zombie_extreme:infected_police":1,"minecraft:zombie":6,"zombiemobs:zombie_chicken":1,"zombie_extreme:crawler":2,"zombiemobs:zombie_wolf":1},"minecraft:picked_up":{"minecraft:crafting_table":1,"minecraft:ladder":5,"minecraft:leather_leggings":1,"apocalypsenow:u_sarmy_helmet":1,"biomesoplenty:jacaranda_sapling":1,"minecraft:potion":1,"minecraft:amethyst_block":18,"minecraft:string":97,"minecraft:raw_copper":37,"minecraft:soul_soil":1,"minecraft:smooth_stone_slab":2,"minecraft:flint_and_steel":1,"pipez:energy_pipe":12,"create:andesite_bars":1,"minecraft:cobbled_deepslate":58,"minecraft:smooth_stone":1,"biomesoplenty:fir_planks":24,"apocalypsenow:mace":1,"minecraft:calcite":25,"minecraft:wooden_shovel":1,"minecraft:smooth_quartz":27,"apocalypsenow:construction_barricade":16,"minecraft:stick":32,"minecraft:raw_iron":148,"refinedstorage:16k_storage_part":1,"embellishcraft:smooth_slate":2,"embellishcraft:smooth_marble":1,"minecraft:torch":14,"quark:black_framed_glass":2,"chalk:light_gray_chalk":1,"minecraft:diorite":110,"minecraft:redstone":12,"apocalypsenow:fire_figther_leggings":2,"minecraft:quartz_block":1,"embellishcraft:spruce_plain_door":1,"minecraft:rotten_flesh":90,"biomesoplenty:jacaranda_log":6,"createaddition:barbed_wire":3,"pfm:oak_brown_simple_bed":1,"create:depot":1,"minecraft:iron_block":9,"minecraft:cyan_terracotta":17,"firstaid:bandage":1,"minecraft:iron_bars":4,"minecraft:snowball":1,"minecraft:white_wool":1,"minecraft:cobblestone":866,"biomesoplenty:lavender":7,"tac:round45":11,"minecraft:iron_door":8,"minecraft:water_bucket":1,"minecraft:andesite":14,"minecraft:leather":1,"apocalypsenow:green_bikers_helmet":1,"biomesoplenty:fir_sapling":24,"biomesoplenty:fir_log":191,"minecraft:oak_log":61,"minecraft:flint":4,"minecraft:tuff":4,"contenttweaker:rubber":2,"create:raw_zinc":8,"embellishcraft:polished_marble":2,"apocalypsenow:construction_chestplate":1,"minecraft:dirt":55,"apocalypsenow:cooked_human_flesh":1,"another_furniture:black_stool":1,"minecraft:bone":64,"minecraft:gray_terracotta":2,"apocalypsenow:human_flesh":13,"minecraft:wheat_seeds":5,"minecraft:raw_gold":24,"tac:nato_556_bullet":17,"apocalypsenow:electric_baton":1,"minecraft:glass_bottle":1,"tac:9mm_round":42,"minecraft:oak_planks":2,"firstaid:plaster":8,"minecraft:smooth_basalt":11,"minecraft:music_disc_13":1,"contenttweaker:resistant_fabric":2,"apocalypsenow:small_can":2,"quark:dark_oak_hedge":1,"minecraft:gravel":27,"minecraft:amethyst_shard":40,"immersiveengineering:seed":10,"minecraft:diamond":7,"apocalypsenow:bear_trap":2,"quark:oak_hedge":2,"minecraft:granite":8,"minecraft:bone_meal":13,"create:stressometer":1,"minecraft:bread":19,"minecraft:oak_sapling":4,"rocks:cobblestone_splitter":3,"immersiveengineering:metal_ladder_none":2,"minecraft:coal":56},"minecraft:mined":{"create:spruce_window_pane":4,"create:zinc_ore":2,"quark:smooth_quartz_vertical_slab":5,"create:deepslate_zinc_ore":2,"minecraft:large_amethyst_bud":4,"apocalypsenow:beartrapactivated":1,"minecraft:tuff":23,"minecraft:deepslate_diamond_ore":6,"minecraft:cobblestone_stairs":2,"minecraft:brewing_stand":1,"minecraft:gray_stained_glass_pane":4,"minecraft:granite":10,"minecraft:budding_amethyst":2,"minecraft:grass_block":12,"create:depot":1,"minecraft:soul_campfire":1,"quark:black_framed_glass":2,"pfm:oak_brown_simple_bed":2,"rocks:rock":1,"minecraft:oxeye_daisy":1,"minecraft:spawner":16,"embellishcraft:smooth_basalt":6,"minecraft:smooth_stone":3,"minecraft:redstone_ore":1,"create:framed_glass_pane":1,"minecraft:iron_ore":19,"minecraft:cobbled_deepslate":5,"minecraft:fire":30,"biomesoplenty:lavender":2,"minecraft:andesite":16,"minecraft:gold_block":3,"immersiveengineering:deepslate_ore_nickel":1,"minecraft:deepslate_iron_ore":125,"rocks:gravel_rock":1,"minecraft:iron_bars":2,"apocalypsenow:construction_barricade":19,"biomesoplenty:barley":39,"minecraft:stone":769,"minecraft:iron_block":9,"create:dark_oak_window_pane":5,"create:dark_oak_window":2,"create:andesite_bars":1,"minecraft:deepslate_redstone_ore":3,"minecraft:gray_terracotta":2,"minecraft:quartz_block":1,"minecraft:cyan_terracotta":19,"embellishcraft:smooth_slate":2,"minecraft:amethyst_cluster":9,"minecraft:crafting_table":2,"minecraft:torch":6,"minecraft:calcite":26,"biomesoplenty:fir_planks":31,"minecraft:campfire":1,"embellishcraft:polished_marble":2,"another_furniture:black_stool":1,"minecraft:copper_ore":11,"minecraft:cobblestone":70,"minecraft:deepslate_gold_ore":18,"minecraft:oak_planks":1,"createaddition:barbed_wire":1,"minecraft:diorite":77,"minecraft:iron_door":6,"minecraft:wall_torch":4,"minecraft:amethyst_block":21,"biomesoplenty:fir_log":5,"minecraft:smooth_stone_slab":2,"minecraft:grass":28,"embellishcraft:smooth_marble":1,"minecraft:oak_log":1,"minecraft:coal_ore":53,"quark:oak_hedge":2,"create:framed_glass_trapdoor":1,"create:stressometer":1,"create:mechanical_crafter":1,"minecraft:smooth_quartz":32,"minecraft:gravel":37,"minecraft:dirt":51,"minecraft:cobweb":8,"biomesoplenty:fir_sapling":2,"immersiveengineering:metal_ladder_none":4,"minecraft:smooth_basalt":11,"minecraft:gold_ore":3,"minecraft:deepslate":52,"minecraft:oak_leaves":7,"minecraft:fern":4},"minecraft:killed":{"zombiemobs:zombie_chicken":1,"undead_revamp2:thesmoker":3,"zombie_extreme:demolisher":1,"zombie_extreme:runner":4,"zombiemobs:zombie_cow":1,"zombie_extreme:crawler":1,"minecraft:husk":39,"undead_revamp2:the_moonflower":6,"minecraft:zombie":91,"zombie_extreme:infected_police":1,"alexsmobs:fly":1},"minecraft:used":{"pfm:oak_brown_simple_bed":1,"minecraft:stone_sword":872,"minecraft:chest":5,"minecraft:shield":5,"minecraft:iron_sword":26,"minecraft:wooden_shovel":47,"minecraft:torch":29,"minecraft:dirt":27,"apocalypsenow:orange_juice":1,"minecraft:granite":5,"apocalypsenow:coffee":1,"minecraft:cyan_terracotta":17,"ag_day_counter:calendar":1,"minecraft:iron_axe":63,"minecraft:smooth_quartz":20,"apocalypsenow:porpsi":1,"minecraft:furnace":3,"apocalypsenow:night_stick":5,"minecraft:cobbled_deepslate":5,"tac:workbench":1,"minecraft:water_bucket":8,"apocalypsenow:vodka":2,"minecraft:diorite":12,"minecraft:cobblestone_stairs":6,"apocalypsenow:electric_baton":92,"minecraft:oak_planks":213,"minecraft:stone_pickaxe":556,"minecraft:wooden_pickaxe":14,"biomesoplenty:fir_planks":608,"minecraft:crafting_table":12,"minecraft:gray_terracotta":2,"minecraft:bread":1,"minecraft:iron_pickaxe":1003,"minecraft:gravel":5,"minecraft:stone_axe":56,"minecraft:wooden_sword":59,"minecraft:cobblestone":776,"minecraft:potion":11,"minecraft:bucket":8,"minecraft:smooth_stone_slab":2,"apocalypsenow:mace":11,"minecraft:bone_meal":29,"minecraft:smooth_stone":1},"minecraft:custom":{"minecraft:interact_with_smithing_table":1,"lootr:looted_stat":34,"minecraft:mob_kills":152,"minecraft:interact_with_crafting_table":86,"minecraft:damage_dealt_resisted":1087,"minecraft:leave_game":7,"minecraft:time_since_death":28816,"minecraft:climb_one_cm":13575,"minecraft:sprint_one_cm":221317,"minecraft:walk_one_cm":1263161,"minecraft:damage_blocked_by_shield":197,"minecraft:drop":56,"minecraft:damage_dealt_absorbed":130,"minecraft:talked_to_villager":1,"minecraft:play_time":302251,"minecraft:deaths":34,"minecraft:sneak_time":29241,"minecraft:walk_under_water_one_cm":1650,"minecraft:jump":4016,"minecraft:drawer_searched":2,"minecraft:walk_on_water_one_cm":10354,"minecraft:total_world_time":302251,"minecraft:interact_with_furnace":68,"minecraft:toilet_used":1,"minecraft:sleep_in_bed":2,"minecraft:time_since_rest":28840,"minecraft:damage_taken":8353,"minecraft:damage_dealt":44281,"minecraft:player_kills":7,"minecraft:freezer_opened":4,"minecraft:fly_one_cm":317372,"minecraft:open_chest":124,"minecraft:crouch_one_cm":128919,"minecraft:fall_one_cm":74610}},"DataVersion":2975}