{"stats":{"minecraft:custom":{"minecraft:interact_with_smithing_table":1,"lootr:looted_stat":24,"minecraft:mob_kills":79,"minecraft:interact_with_crafting_table":33,"minecraft:damage_dealt_resisted":203,"minecraft:leave_game":7,"minecraft:time_since_death":21031,"minecraft:climb_one_cm":13342,"minecraft:sprint_one_cm":36092,"minecraft:walk_one_cm":1059298,"minecraft:damage_blocked_by_shield":60,"minecraft:fridge_opened":2,"minecraft:drop":56,"minecraft:talked_to_villager":1,"minecraft:play_time":284833,"minecraft:deaths":10,"minecraft:sneak_time":42028,"minecraft:walk_under_water_one_cm":7138,"minecraft:jump":1932,"minecraft:walk_on_water_one_cm":21691,"minecraft:total_world_time":284833,"minecraft:interact_with_furnace":67,"minecraft:sleep_in_bed":2,"minecraft:time_since_rest":18604,"minecraft:damage_taken":2491,"minecraft:damage_dealt":14000,"minecraft:fly_one_cm":25729,"minecraft:swim_one_cm":381,"minecraft:freezer_opened":6,"minecraft:player_kills":5,"minecraft:open_chest":50,"minecraft:crouch_one_cm":199599,"minecraft:fall_one_cm":19158},"minecraft:dropped":{"biomesoplenty:fir_log":5,"minecraft:bread":1,"apocalypsenow:police_boots":2,"apocalypsenow:police_helmet":1,"minecraft:glass_bottle":1,"minecraft:cobblestone":3,"minecraft:amethyst_block":2,"apocalypsenow:mace":1,"minecraft:cyan_terracotta":2,"rocks:cobblestone_splitter":1,"firstaid:bandage":1,"tac:m4":1,"minecraft:diorite":12,"minecraft:potion":2,"minecraft:amethyst_shard":2,"minecraft:string":5,"ftbquests:book":1,"minecraft:white_wool":1,"minecraft:bone":4,"minecraft:gravel":2,"minecraft:cobbled_deepslate":12,"apocalypsenow:small_can":1,"minecraft:tuff":5,"minecraft:rotten_flesh":3,"apocalypsenow:police_chestplate":1,"minecraft:flint_and_steel":1,"minecraft:leather_chestplate":1,"biomesoplenty:fir_planks":51,"minecraft:andesite":1,"apocalypsenow:cooked_human_flesh":1,"apocalypsenow:coke":1,"minecraft:stone_pickaxe":1,"minecraft:wooden_pickaxe":1,"apocalypsenow:human_flesh":1},"minecraft:used":{"minecraft:stone_sword":110,"minecraft:flint_and_steel":5,"minecraft:redstone":1,"minecraft:chest":2,"minecraft:shield":4,"minecraft:iron_sword":216,"cfm:stripped_spruce_chair":1,"minecraft:torch":43,"cfm:cyan_kitchen_counter":1,"apocalypsenow:grape_juice":3,"minecraft:granite":3,"minecraft:iron_axe":127,"minecraft:furnace":2,"minecraft:cobbled_deepslate":147,"minecraft:water_bucket":13,"minecraft:diorite":1,"minecraft:cobblestone_stairs":2,"minecraft:stone_pickaxe":393,"minecraft:wooden_pickaxe":7,"biomesoplenty:fir_planks":105,"minecraft:diamond_axe":35,"minecraft:crafting_table":4,"apocalypsenow:coke":2,"minecraft:iron_pickaxe":672,"minecraft:gravel":21,"minecraft:stone_axe":18,"minecraft:cobblestone":178,"minecraft:potion":3,"minecraft:bucket":14,"biomesoplenty:fir_log":7,"embellishcraft:polished_marble":4},"minecraft:mined":{"create:spruce_window_pane":2,"create:zinc_ore":12,"create:deepslate_zinc_ore":21,"minecraft:tuff":18,"embellishcraft:air_duct":3,"minecraft:deepslate_diamond_ore":15,"minecraft:gray_stained_glass_pane":1,"minecraft:granite":37,"minecraft:budding_amethyst":1,"minecraft:grass_block":4,"create:ochrum":12,"minecraft:redstone_wire":1,"rocks:rock":1,"minecraft:spawner":1,"minecraft:raw_iron_block":1,"minecraft:iron_ore":21,"minecraft:cobbled_deepslate":2,"minecraft:fire":1,"cfm:stripped_spruce_chair":1,"minecraft:andesite":35,"minecraft:deepslate_lapis_ore":2,"minecraft:gold_block":1,"minecraft:dark_oak_stairs":2,"minecraft:deepslate_iron_ore":78,"biomesoplenty:barley":6,"minecraft:stone":398,"create:dark_oak_window_pane":1,"create:andesite_bars":8,"minecraft:deepslate_redstone_ore":4,"minecraft:quartz_block":1,"minecraft:cyan_terracotta":7,"embellishcraft:smooth_slate":2,"minecraft:torch":5,"minecraft:calcite":14,"biomesoplenty:fir_planks":11,"embellishcraft:polished_marble":11,"minecraft:campfire":1,"minecraft:cobblestone":20,"minecraft:lapis_ore":5,"minecraft:deepslate_gold_ore":8,"minecraft:oak_planks":2,"minecraft:diorite":13,"minecraft:wall_torch":4,"minecraft:amethyst_block":4,"biomesoplenty:fir_log":3,"minecraft:grass":1,"embellishcraft:smooth_marble":3,"minecraft:coal_ore":48,"minecraft:dirt":11,"minecraft:dripstone_block":24,"minecraft:gravel":17,"minecraft:smooth_quartz":2,"minecraft:cobweb":1,"minecraft:smooth_basalt":17,"cfm:cyan_kitchen_counter":1,"minecraft:gold_ore":1,"minecraft:oak_leaves":3,"minecraft:emerald_block":3,"minecraft:deepslate":208},"minecraft:crafted":{"minecraft:leather":17,"sophisticatedbackpacks:backpack":1,"minecraft:air":268,"minecraft:shield":1,"apocalypsenow:cooked_human_flesh":1,"minecraft:iron_ingot":35,"minecraft:stone_sword":1,"minecraft:gold_ingot":20},"minecraft:picked_up":{"minecraft:charcoal":2,"minecraft:crafting_table":1,"minecraft:gold_block":4,"minecraft:potion":1,"quark:gunpowder_sack":2,"minecraft:amethyst_block":4,"minecraft:string":60,"create:andesite_bars":10,"embellishcraft:smooth_basalt":2,"minecraft:cobbled_deepslate":173,"biomesoplenty:fir_planks":64,"minecraft:calcite":13,"cfm:stripped_spruce_chair":1,"minecraft:smooth_quartz":4,"cfm:cyan_kitchen_counter":1,"minecraft:stick":19,"minecraft:raw_iron":93,"embellishcraft:smooth_slate":2,"embellishcraft:smooth_marble":2,"tac:m4":1,"minecraft:torch":14,"minecraft:diorite":39,"minecraft:redstone":17,"refinedstorage:4k_storage_part":1,"minecraft:quartz_block":1,"quark:smooth_quartz_vertical_slab":2,"minecraft:rotten_flesh":55,"create:ochrum":3,"minecraft:cyan_terracotta":11,"apocalypsenow:police_boots":1,"firstaid:bandage":1,"minecraft:cobblestone":413,"tac:round45":2,"minecraft:iron_door":1,"minecraft:andesite":12,"minecraft:potato":1,"biomesoplenty:fir_sapling":32,"biomesoplenty:fir_log":67,"minecraft:tuff":5,"create:raw_zinc":30,"embellishcraft:polished_marble":4,"minecraft:cobblestone_stairs":2,"apocalypsenow:construction_chestplate":3,"minecraft:lapis_lazuli":44,"minecraft:dirt":18,"minecraft:bone":48,"apocalypsenow:human_flesh":2,"minecraft:wheat_seeds":5,"minecraft:raw_gold":9,"ftbquests:book":1,"apocalypsenow:money":1,"minecraft:iron_ingot":1,"minecraft:stone_pickaxe":1,"refinedstorage:basic_processor":1,"tac:9mm_round":5,"minecraft:oak_planks":1,"minecraft:dark_oak_stairs":2,"minecraft:smooth_basalt":17,"minecraft:emerald_block":3,"apocalypsenow:small_can":1,"minecraft:raw_iron_block":1,"minecraft:gravel":23,"minecraft:amethyst_shard":2,"minecraft:diamond":15,"minecraft:granite":32,"embellishcraft:air_duct":4,"apocalypsenow:construction_helmet":1,"minecraft:coal":43,"rocks:cobblestone_splitter":1},"minecraft:killed_by":{"minecraft:player":3,"undead_revamp2:the_moonflower":1,"zombie_extreme:infected_police":1,"minecraft:zombie":1},"minecraft:killed":{"undead_revamp2:thesmoker":3,"undead_revamp2:bomber":1,"zombie_extreme:runner":1,"zombie_extreme:crawler":1,"minecraft:husk":22,"undead_revamp2:the_moonflower":4,"minecraft:zombie":37,"zombie_extreme:infected_police":1,"alexsmobs:fly":1},"minecraft:broken":{"minecraft:stone_pickaxe":3,"minecraft:iron_axe":1,"minecraft:iron_pickaxe":2}},"DataVersion":2975}