{"stats":{"minecraft:broken":{"minecraft:stone_sword":1,"minecraft:leather_chestplate":1,"minecraft:wooden_pickaxe":3,"minecraft:stone_pickaxe":5,"apocalypsenow:fire_figther_helmet":1,"minecraft:wooden_sword":1,"minecraft:iron_pickaxe":2},"minecraft:dropped":{"minecraft:water_bucket":1,"biomesoplenty:lavender":3,"minecraft:cobblestone":23,"firstaid:bandage":1,"minecraft:torch":1,"minecraft:wooden_axe":3,"minecraft:smooth_quartz":3,"embellishcraft:spruce_plain_door":1,"minecraft:string":8,"ftbquests:book":2,"minecraft:white_wool":1,"minecraft:gravel":4,"quark:dark_oak_hedge":1,"apocalypsenow:small_can":2,"minecraft:oak_planks":2,"apocalypsenow:money":4,"patchouli:guide_book":1,"biomesoplenty:fir_planks":1,"minecraft:oak_sapling":9,"apocalypsenow:coke":1,"minecraft:wooden_pickaxe":2,"immersiveengineering:seed":2},"minecraft:crafted":{"immersiveengineering:hammer":1,"minecraft:leather_leggings":1,"minecraft:furnace":1,"create:iron_sheet":9,"minecraft:leather":14,"createaddition:iron_wire":1,"minecraft:iron_axe":1,"immersiveengineering:ingot_lead":11,"minecraft:stone_pickaxe":1,"minecraft:stone_hoe":1,"minecraft:wooden_pickaxe":1,"minecraft:chainmail_chestplate":1,"minecraft:air":361,"minecraft:iron_chestplate":1,"minecraft:potion":7,"minecraft:white_wool":4,"minecraft:shield":1,"minecraft:stick":16,"apocalypsenow:cooked_human_flesh":1,"minecraft:iron_ingot":78,"minecraft:leather_chestplate":1,"minecraft:iron_pickaxe":2,"minecraft:stone_sword":1,"minecraft:white_bed":1,"minecraft:torch":12},"minecraft:killed_by":{"minecraft:husk":1,"minecraft:player":3,"undead_revamp2:the_moonflower":1,"zombie_extreme:runner":1,"zombiemobs:zombie_sheep":1,"zombie_extreme:infected_police":5,"minecraft:zombie":9},"minecraft:picked_up":{"minecraft:wooden_axe":2,"minecraft:charcoal":2,"minecraft:crafting_table":3,"minecraft:wheat":8,"minecraft:anvil":1,"minecraft:wooden_pickaxe":2,"minecraft:brown_bed":1,"minecraft:amethyst_block":2,"another_furniture:service_bell":1,"minecraft:string":53,"minecraft:red_bed":1,"create:andesite_bars":24,"immersiveengineering:raw_lead":11,"minecraft:cobbled_deepslate":83,"minecraft:smooth_stone":3,"biomesoplenty:fir_planks":79,"immersiveengineering:capacitor_mv":1,"minecraft:redstone_torch":1,"minecraft:calcite":3,"minecraft:smooth_quartz":11,"pfm:oak_white_simple_bed":2,"apocalypsenow:construction_barricade":3,"minecraft:furnace":2,"minecraft:stick":13,"minecraft:raw_iron":60,"embellishcraft:smooth_marble":2,"minecraft:torch":38,"quark:black_framed_glass":4,"minecraft:diorite":181,"minecraft:redstone":4,"quark:oak_leaf_carpet":2,"quark:smooth_quartz_vertical_slab":8,"minecraft:rotten_flesh":34,"createaddition:barbed_wire":12,"create:track":9,"create:ochrum":18,"farmersdelight:hamburger":5,"minecraft:cyan_terracotta":8,"immersiveengineering:light_engineering":1,"minecraft:iron_bars":12,"apocalypsenow:fire_figther_chestplate":1,"minecraft:cobblestone":832,"minecraft:oxeye_daisy":1,"biomesoplenty:lavender":5,"tac:round45":7,"minecraft:leather_chestplate":1,"minecraft:feather":2,"minecraft:andesite":91,"biomesoplenty:fir_log":13,"minecraft:flint":10,"minecraft:tuff":7,"create:raw_zinc":9,"minecraft:oak_log":45,"immersivepetroleum:asphalt":3,"cfm:stripped_birch_chair":1,"minecraft:gunpowder":1,"minecraft:lapis_lazuli":49,"minecraft:dirt":27,"embellishcraft:gneiss_large_bricks_wall":1,"minecraft:bone":40,"minecraft:apple":5,"apocalypsenow:human_flesh":12,"minecraft:wheat_seeds":42,"minecraft:raw_gold":1,"alexsmobs:cockroach_wing_fragment":1,"apocalypsenow:money":1,"minecraft:iron_ingot":17,"minecraft:glowstone_dust":9,"apocalypsenow:fire_figther_helmet":1,"create:polished_cut_calcite_wall":6,"minecraft:glass_bottle":2,"tac:9mm_round":15,"minecraft:oak_planks":7,"minecraft:smooth_basalt":2,"patchouli:guide_book":2,"apocalypsenow:small_can":1,"minecraft:dandelion":1,"minecraft:dripstone_block":25,"quark:dark_oak_hedge":1,"minecraft:gravel":97,"another_furniture:spruce_drawer":1,"minecraft:spruce_sapling":1,"apocalypsenow:coke":2,"immersiveengineering:seed":7,"quark:oak_hedge":3,"minecraft:granite":32,"minecraft:bread":1,"embellishcraft:air_duct":1,"minecraft:oak_sapling":21,"apocalypsenow:scissorst":1,"minecraft:bricks":3,"minecraft:coal":50,"cfm:spruce_hedge":1,"create:cut_calcite":2},"minecraft:mined":{"create:zinc_ore":8,"create:deepslate_zinc_ore":1,"minecraft:tuff":7,"rocks:pinecone":1,"minecraft:oak_sapling":3,"embellishcraft:air_duct":1,"minecraft:mossy_cobblestone":1,"quark:oak_leaf_carpet":1,"minecraft:gray_stained_glass_pane":3,"minecraft:granite":31,"minecraft:budding_amethyst":1,"minecraft:grass_block":8,"create:polished_cut_calcite_wall":6,"create:ochrum":18,"minecraft:spruce_leaves":3,"quark:black_framed_glass":3,"minecraft:moss_block":2,"minecraft:spawner":2,"create:cut_calcite":2,"minecraft:smooth_stone":3,"immersivepetroleum:asphalt":5,"minecraft:glowstone":3,"minecraft:furnace":2,"another_furniture:spruce_drawer":1,"minecraft:iron_ore":20,"immersiveengineering:capacitor_mv":1,"minecraft:cobbled_deepslate":4,"minecraft:fire":41,"rocks:oak_stick":3,"biomesoplenty:lavender":6,"minecraft:andesite":90,"minecraft:anvil":1,"minecraft:deepslate_lapis_ore":6,"minecraft:brown_bed":1,"pfm:oak_white_simple_bed":2,"minecraft:deepslate_iron_ore":39,"minecraft:iron_bars":12,"apocalypsenow:construction_barricade":3,"biomesoplenty:barley":55,"cfm:stripped_birch_chair":1,"immersiveengineering:light_engineering":1,"immersiveengineering:ore_lead":11,"minecraft:stone":805,"create:andesite_bars":26,"minecraft:deepslate_redstone_ore":1,"minecraft:cyan_terracotta":6,"minecraft:red_bed":1,"create:track":9,"minecraft:crafting_table":4,"minecraft:torch":21,"biomesoplenty:fir_planks":9,"minecraft:calcite":3,"embellishcraft:gneiss_large_bricks_wall":1,"minecraft:tall_grass":1,"minecraft:cobblestone":30,"minecraft:lapis_ore":1,"minecraft:oak_planks":7,"minecraft:bricks":3,"minecraft:iron_door":2,"minecraft:diorite":172,"createaddition:barbed_wire":12,"minecraft:wall_torch":15,"minecraft:amethyst_block":2,"cfm:spruce_hedge":1,"another_furniture:service_bell":1,"rocks:spruce_stick":4,"minecraft:wheat":8,"biomesoplenty:fir_log":13,"minecraft:grass":63,"embellishcraft:smooth_marble":2,"minecraft:oak_log":19,"minecraft:coal_ore":41,"quark:oak_hedge":3,"minecraft:smooth_quartz":3,"minecraft:gravel":78,"minecraft:dirt":17,"minecraft:dripstone_block":25,"quark:dark_oak_hedge":1,"minecraft:cobweb":15,"minecraft:smooth_basalt":2,"minecraft:gold_ore":2,"minecraft:oak_leaves":37,"minecraft:deepslate":76},"minecraft:killed":{"zombiemobs:zombie_chicken":1,"undead_revamp2:thesmoker":1,"undead_revamp2:bomber":1,"zombie_extreme:runner":1,"zombie_extreme:crawler":3,"minecraft:husk":10,"undead_revamp2:the_moonflower":3,"minecraft:zombie":10,"alexsmobs:cockroach":1,"zombie_extreme:infected_police":2},"minecraft:used":{"cfm:stripped_birch_chair":1,"minecraft:iron_bars":5,"minecraft:iron_shovel":59,"minecraft:stone_sword":119,"minecraft:flint_and_steel":5,"minecraft:chest":2,"minecraft:shield":6,"create:cut_calcite":2,"minecraft:stone_hoe":41,"minecraft:torch":55,"create:ochrum":1,"minecraft:dirt":21,"minecraft:tuff":3,"minecraft:granite":1,"immersivepetroleum:asphalt":1,"embellishcraft:smooth_marble":1,"minecraft:wooden_axe":15,"minecraft:cyan_terracotta":2,"minecraft:iron_axe":11,"farmersdelight:melon_popsicle":1,"apocalypsenow:hookey_stick":4,"minecraft:smooth_quartz":7,"quark:black_framed_glass":4,"create:polished_cut_calcite_wall":4,"another_furniture:service_bell":1,"minecraft:oak_sapling":12,"minecraft:furnace":3,"minecraft:cobbled_deepslate":70,"minecraft:wheat_seeds":39,"minecraft:water_bucket":8,"apocalypsenow:cooked_human_flesh":1,"minecraft:diorite":8,"minecraft:glass_bottle":7,"minecraft:stone_pickaxe":694,"minecraft:oak_planks":137,"minecraft:wooden_pickaxe":168,"minecraft:leather_chestplate":1,"biomesoplenty:fir_planks":46,"biomesoplenty:lavender":2,"minecraft:golden_apple":1,"createaddition:barbed_wire":12,"minecraft:red_bed":1,"minecraft:crafting_table":8,"embellishcraft:gneiss_large_bricks_wall":1,"minecraft:white_bed":1,"apocalypsenow:coke":1,"apocalypsenow:construction_barricade":3,"minecraft:diamond_pickaxe":173,"minecraft:bread":3,"minecraft:string":1,"minecraft:oak_button":6,"quark:oak_hedge":3,"minecraft:iron_pickaxe":503,"minecraft:gravel":2,"minecraft:iron_door":3,"another_furniture:spruce_drawer":1,"apocalypsenow:dagger":8,"minecraft:wooden_sword":62,"minecraft:potion":15,"minecraft:cobblestone":473,"minecraft:andesite":2,"minecraft:bucket":10,"create:andesite_bars":24,"minecraft:bone_meal":24,"minecraft:cobweb":7},"minecraft:custom":{"lootr:looted_stat":22,"minecraft:mob_kills":33,"minecraft:interact_with_crafting_table":52,"minecraft:damage_dealt_resisted":95,"minecraft:leave_game":6,"minecraft:time_since_death":4425,"minecraft:climb_one_cm":11516,"minecraft:sprint_one_cm":139471,"minecraft:walk_one_cm":1306008,"minecraft:damage_blocked_by_shield":120,"minecraft:fridge_opened":4,"minecraft:drop":33,"minecraft:talked_to_villager":3,"minecraft:play_time":317748,"minecraft:deaths":24,"minecraft:sneak_time":29895,"minecraft:walk_under_water_one_cm":5243,"minecraft:interact_with_brewingstand":1,"minecraft:jump":3071,"minecraft:interact_with_blast_furnace":1,"minecraft:walk_on_water_one_cm":10826,"minecraft:total_world_time":317748,"minecraft:interact_with_furnace":40,"minecraft:sleep_in_bed":1,"minecraft:time_since_rest":4453,"minecraft:damage_taken":7248,"minecraft:damage_dealt":6840,"minecraft:player_kills":7,"minecraft:swim_one_cm":5540,"minecraft:freezer_opened":5,"minecraft:fly_one_cm":164856,"minecraft:open_chest":42,"minecraft:crouch_one_cm":107685,"minecraft:fall_one_cm":29413}},"DataVersion":2975}