{"stats":{"minecraft:broken":{"minecraft:stone_sword":1,"minecraft:stone_pickaxe":1,"apocalypsenow:survival_axe":1,"minecraft:stone_axe":1,"minecraft:wooden_axe":2},"minecraft:dropped":{"apocalypsenow:human_flesh":9,"minecraft:iron_sword":1,"contenttweaker:rubber":1,"minecraft:oak_log":2,"minecraft:glass_bottle":2,"minecraft:crafting_table":1,"minecraft:cobblestone":1,"minecraft:amethyst_block":2,"minecraft:apple":4,"minecraft:granite":1,"quark:gray_shard":11,"apocalypsenow:combat_knife":1,"refinedstorage:16k_storage_part":1,"xpbook:xp_tome":1,"artifacts:universal_attractor":1,"refinedstorage:4k_storage_part":1,"minecraft:oxeye_daisy":1,"tac:nato_556_bullet":17,"quark:light_gray_shard":19,"biomesoplenty:goldenrod":4,"minecraft:wooden_axe":2,"minecraft:iron_door":3,"apocalypsenow:construction_helmet":1,"apocalypsenow:chips":3,"quark:spruce_ladder":20,"minecraft:string":3,"ftbquests:book":2,"minecraft:white_wool":2,"create:raw_zinc":14,"refinedstorage:basic_processor":1,"apocalypsenow:small_can":5,"apocalypsenow:orange_juice":2,"minecraft:tuff":2,"farmersdelight:cabbage":3,"apocalypsenow:bear_trap":1,"quark:gunpowder_sack":2,"pipez:energy_pipe":6,"minecraft:oak_sapling":3,"farmersdelight:minced_beef":4,"apocalypsenow:canned_melon":2,"minecraft:iron_bars":2,"firstaid:plaster":8,"quark:smooth_quartz_vertical_slab":2,"immersiveengineering:seed":4},"minecraft:crafted":{"minecraft:oak_planks":8,"firstaid:plaster":3,"minecraft:leather":2,"minecraft:stone_axe":5,"minecraft:air":559,"minecraft:string":76,"minecraft:white_wool":6,"minecraft:stick":4,"minecraft:iron_ingot":17},"minecraft:killed_by":{"minecraft:husk":1,"minecraft:player":9,"undead_revamp2:the_moonflower":2,"zombie_extreme:infected_police":1,"minecraft:zombie":6,"zombiemobs:zombie_turtle":1,"zombiemobs:zombie_wolf":1},"minecraft:picked_up":{"minecraft:wooden_axe":1,"minecraft:crafting_table":2,"quark:spruce_ladder":20,"createaddition:accumulator":1,"minecraft:potion":1,"quark:gunpowder_sack":2,"minecraft:amethyst_block":2,"minecraft:string":41,"minecraft:raw_copper":13,"minecraft:cobbled_deepslate":6,"minecraft:smooth_stone":18,"biomesoplenty:fir_planks":2,"minecraft:light_gray_wool":114,"minecraft:smooth_quartz":4,"farmersdelight:kelp_roll_slice":2,"minecraft:furnace":1,"minecraft:stick":11,"minecraft:raw_iron":21,"minecraft:torch":7,"minecraft:diorite":16,"quark:oak_leaf_carpet":1,"apocalypsenow:fire_figther_leggings":1,"quark:smooth_quartz_vertical_slab":2,"minecraft:rotten_flesh":12,"create:asurine":1,"apocalypsenow:police_chestplate":1,"minecraft:green_wool":6,"apocalypsenow:police_boots":1,"minecraft:iron_bars":2,"minecraft:white_wool":3,"minecraft:cobblestone":101,"minecraft:oxeye_daisy":1,"tac:round45":29,"apocalypsenow:canned_melon":2,"minecraft:iron_door":3,"minecraft:andesite":20,"biomesoplenty:goldenrod":4,"minecraft:oak_log":215,"minecraft:tuff":2,"contenttweaker:rubber":1,"create:raw_zinc":14,"embellishcraft:polished_marble":21,"minecraft:dirt":5,"apocalypsenow:cooked_human_flesh":4,"minecraft:bone":52,"minecraft:apple":8,"apocalypsenow:human_flesh":13,"minecraft:wheat_seeds":1,"minecraft:raw_gold":25,"ftbquests:book":1,"minecraft:glass_bottle":2,"tac:9mm_round":4,"apocalypsenow:police_helmet":1,"minecraft:iron_sword":1,"minecraft:oak_planks":24,"quark:light_gray_shard":19,"immersiveengineering:raw_uranium":3,"apocalypsenow:small_can":2,"minecraft:mossy_cobblestone":1,"immersiveengineering:seed":5,"minecraft:diamond":2,"apocalypsenow:bear_trap":2,"embellishcraft:smooth_marble_wall":2,"minecraft:granite":11,"tac:762x39":27,"quark:gray_shard":11,"minecraft:oak_sapling":17,"apocalypsenow:construction_helmet":1,"minecraft:coal":6},"minecraft:mined":{"create:deepslate_zinc_ore":7,"apocalypsenow:beartrapactivated":1,"minecraft:tuff":1,"embellishcraft:air_duct":2,"embellishcraft:smooth_marble_wall":2,"minecraft:deepslate_diamond_ore":2,"quark:oak_leaf_carpet":1,"minecraft:ladder":3,"minecraft:granite":3,"minecraft:moss_block":3,"minecraft:spawner":14,"immersiveengineering:deepslate_ore_uranium":3,"minecraft:smooth_stone":18,"minecraft:black_stained_glass_pane":4,"minecraft:furnace":1,"minecraft:iron_ore":10,"minecraft:fire":3,"minecraft:andesite":3,"minecraft:dark_oak_stairs":2,"create:asurine":1,"minecraft:deepslate_iron_ore":7,"minecraft:iron_bars":3,"biomesoplenty:barley":1,"minecraft:stone":94,"minecraft:green_wool":6,"create:dark_oak_window_pane":2,"minecraft:quartz_block":10,"minecraft:cyan_terracotta":2,"minecraft:torch":3,"biomesoplenty:fir_planks":1,"minecraft:gray_stained_glass":7,"embellishcraft:polished_marble":22,"minecraft:copper_ore":3,"minecraft:cobblestone":2,"minecraft:deepslate_gold_ore":25,"createaddition:barbed_wire":2,"minecraft:oak_planks":1,"minecraft:diorite":15,"minecraft:iron_door":3,"minecraft:wall_torch":5,"biomesoplenty:goldenrod":4,"minecraft:light_gray_stained_glass":3,"quark:spruce_ladder":4,"minecraft:sweet_berry_bush":1,"minecraft:light_gray_wool":114,"biomesoplenty:fir_log":1,"minecraft:grass":2,"apocalypsenow:beartrapneutral":1,"createaddition:accumulator":1,"minecraft:oak_log":4,"create:vertical_framed_glass_pane":7,"minecraft:coal_ore":3,"minecraft:gravel":1,"minecraft:dirt":7,"minecraft:smooth_quartz":4,"minecraft:cobweb":4,"minecraft:stone_bricks":2,"minecraft:oak_leaves":4,"minecraft:iron_trapdoor":1,"minecraft:deepslate":4,"minecraft:dark_oak_planks":1,"create:spruce_window_pane":7},"minecraft:killed":{"zombie_extreme:runner":4,"zombie_extreme:crawler":2,"minecraft:husk":5,"undead_revamp2:the_moonflower":4,"minecraft:zombie":32,"zombie_extreme:infected_police":1},"minecraft:used":{"minecraft:stone_sword":4,"minecraft:flint_and_steel":5,"minecraft:iron_sword":97,"apocalypsenow:survival_axe":75,"farmersdelight:melon_juice":3,"minecraft:torch":5,"minecraft:dirt":4,"minecraft:granite":10,"minecraft:wooden_axe":72,"carryon:entity_item":8,"farmersdelight:melon_popsicle":1,"minecraft:smooth_quartz":1,"apocalypsenow:porpsi":5,"minecraft:furnace":2,"minecraft:egg":7,"minecraft:cobbled_deepslate":2,"minecraft:diorite":16,"minecraft:stone_pickaxe":176,"minecraft:oak_planks":142,"createaddition:accumulator":1,"minecraft:wooden_pickaxe":12,"biomesoplenty:fir_planks":2,"minecraft:crafting_table":6,"minecraft:shears":114,"apocalypsenow:coke":1,"apocalypsenow:tatical_mace":58,"minecraft:diamond_pickaxe":93,"farmersdelight:apple_cider":2,"apocalypsenow:iron_baseball_bat":2,"minecraft:iron_pickaxe":47,"cgm:grenade":1,"refinedstorage:crafting_grid":1,"minecraft:stone_axe":10,"apocalypsenow:club":5,"minecraft:cobblestone":6,"minecraft:potion":2,"apocalypsenow:peach_juice":1,"minecraft:andesite":12,"minecraft:oak_boat":1,"pipez:energy_pipe":3,"embellishcraft:polished_marble":17},"minecraft:custom":{"lootr:looted_stat":30,"minecraft:mob_kills":47,"minecraft:interact_with_crafting_table":25,"minecraft:open_barrel":3,"minecraft:interact_with_campfire":4,"minecraft:damage_dealt_resisted":235,"minecraft:leave_game":9,"minecraft:time_since_death":43845,"minecraft:climb_one_cm":20969,"minecraft:sprint_one_cm":184646,"minecraft:walk_one_cm":955465,"minecraft:fridge_opened":8,"minecraft:drop":68,"minecraft:chair_used":2,"minecraft:talked_to_villager":4,"minecraft:use_bathtub":2,"minecraft:play_time":209060,"minecraft:deaths":22,"minecraft:sneak_time":14972,"minecraft:walk_under_water_one_cm":1146,"minecraft:boat_one_cm":732,"minecraft:jump":2025,"minecraft:interact_with_blast_furnace":1,"minecraft:walk_on_water_one_cm":10027,"minecraft:total_world_time":209060,"minecraft:interact_with_furnace":24,"minecraft:toilet_used":1,"minecraft:interact_with_loom":1,"minecraft:stove_opened":2,"minecraft:trashcan_opened":1,"minecraft:interact_with_grindstone":1,"minecraft:time_since_rest":43875,"minecraft:damage_taken":7007,"minecraft:damage_dealt":12753,"minecraft:swim_one_cm":1490,"minecraft:freezer_opened":8,"minecraft:fly_one_cm":113077,"minecraft:player_kills":2,"minecraft:open_chest":12,"minecraft:crouch_one_cm":54212,"minecraft:interact_with_smoker":2,"minecraft:fall_one_cm":40860}},"DataVersion":2975}