{"stats":{"minecraft:dropped":{"apocalypsenow:human_flesh":2,"biomesoplenty:fir_planks":1,"minecraft:potion":10},"minecraft:crafted":{"minecraft:leather":4,"minecraft:shield":1,"minecraft:iron_ingot":9,"minecraft:stone_pickaxe":1,"minecraft:stone_sword":1,"minecraft:furnace":1,"minecraft:stone_axe":1,"minecraft:air":28},"minecraft:killed_by":{"zombie_extreme:runner":1},"minecraft:picked_up":{"minecraft:crafting_table":1,"minecraft:raw_iron":10,"embellishcraft:smooth_marble":1,"minecraft:torch":2,"biomesoplenty:fir_sapling":1,"biomesoplenty:fir_log":7,"minecraft:potion":10,"minecraft:tuff":10,"minecraft:dirt":5,"minecraft:bone":2,"apocalypsenow:human_flesh":4,"minecraft:cobbled_deepslate":16,"biomesoplenty:fir_planks":16},"minecraft:mined":{"minecraft:tuff":10,"minecraft:crafting_table":1,"biomesoplenty:fir_log":7,"minecraft:torch":1,"embellishcraft:smooth_marble":1,"minecraft:grass_block":2,"biomesoplenty:fir_planks":15,"minecraft:deepslate_iron_ore":10,"biomesoplenty:fir_leaves":6,"minecraft:dirt":4,"create:dark_oak_window_pane":2,"minecraft:deepslate":16,"minecraft:fern":1,"minecraft:spawner":1},"minecraft:used":{"minecraft:stone_pickaxe":36,"minecraft:wooden_pickaxe":4,"biomesoplenty:fir_planks":40,"minecraft:torch":5,"minecraft:stone_axe":1,"chalk:red_chalk":19,"minecraft:dirt":5,"minecraft:potion":2,"minecraft:crafting_table":1,"minecraft:furnace":1},"minecraft:custom":{"minecraft:time_since_rest":9000,"lootr:looted_stat":1,"minecraft:interact_with_furnace":6,"minecraft:sprint_one_cm":98857,"minecraft:damage_taken":929,"minecraft:walk_one_cm":83554,"minecraft:drop":6,"minecraft:damage_dealt":39,"minecraft:swim_one_cm":192,"minecraft:interact_with_crafting_table":4,"minecraft:fly_one_cm":86123,"minecraft:open_chest":5,"minecraft:crouch_one_cm":7871,"minecraft:play_time":30877,"minecraft:deaths":3,"minecraft:sneak_time":2944,"minecraft:walk_under_water_one_cm":179,"minecraft:jump":467,"minecraft:leave_game":2,"minecraft:walk_on_water_one_cm":943,"minecraft:time_since_death":18844,"minecraft:sleep_in_bed":1,"minecraft:climb_one_cm":374,"minecraft:total_world_time":30877,"minecraft:fall_one_cm":13387}},"DataVersion":2975}